time,height,speed,acceleration,,,,,,,,
-0.3,-0.68,0,0,,,,,,,,
-0.29,-0.68,0.01,-1.01,,,,,,,,
-0.28,-0.6,0.02,3.52,,,,,,,,
-0.27,-0.6,0.03,2.01,,,,,,,,
-0.26,-0.6,0.04,0,,,,,,,,
-0.25,-0.6,0.04,0,,,,,,,,
-0.24,-0.6,0.05,0,,,,,,,,
-0.23,0.43,0.06,0.5,,,,,,,,
-0.22,0.43,0.06,2.01,,,,,,,,
-0.21,0.43,0.07,0.5,,,,,,,,
-0.2,0.43,0.08,1.01,,,,,,,,
-0.19,0.43,0.09,0.5,,,,,,,,
-0.18,-0.43,0.09,1.01,,,,,,,,
-0.17,-0.43,0.1,-0.5,,,,,,,,
-0.16,-0.43,0.13,0,,,,,,,,
-0.15,-0.43,0.2,1.51,,,,,,,,
-0.14,-0.43,0.34,6.54,,,,,,,,
-0.13,-2.64,0.57,35.71,,,,,,,,
-0.12,-2.64,0.91,39.23,,,,,,,,
-0.11,-2.64,1.34,57.83,,,,,,,,
-0.1,-2.64,1.85,60.35,,,,,,,,
-0.09,-2.64,2.39,58.34,,,,,,,,
-0.08,1.62,2.95,54.82,,,,,,,,
-0.07,1.62,3.52,56.33,,,,,,,,
-0.06,1.62,4.08,55.32,,,,,,,,
-0.05,1.62,4.65,57.33,,,,,,,,
-0.04,1.62,5.21,55.82,,,,,,,,
-0.03,0.6,5.78,57.33,,,,,,,,
-0.02,0.6,6.35,57.83,,,,,,,,
-0.01,0.6,6.93,57.33,,,,,,,,
0,0.6,7.51,56.83,,,,,,,,
0,0.6,7.51,56.83,,,,,,,,
0,0.6,7.51,56.83,,,,,,,,
0,0.6,7.51,56.83,,,,,,,,
0,0.6,7.51,56.83,,,,,,,,
0,0.6,7.51,56.83,,,,,,,,
0,0.6,7.51,56.83,,,,,,,,
0,0.6,7.51,56.83,,,,,,,,
0,0.6,7.51,56.83,,,,,,,,
0,0.6,7.51,56.83,,,,,,,,
0,0.6,7.51,56.83,,,,,,,,
0,0.6,7.51,56.83,,,,,,,,
0,0.6,7.51,56.83,,,,,,,,
0,0.6,7.51,56.83,,,,,,,,
0,0.6,7.51,56.83,,,,,,,,
0,0.6,7.51,56.83,,,,,,,,
0,0.6,7.51,56.83,,,,,,,,
0,0.6,7.51,56.83,,,,,,,,
0,0.6,7.51,56.83,,,,,,,,
0,0.6,7.51,56.83,,,,,,,,
0,0.6,7.51,56.83,,,,,,,,
0,0.6,7.51,56.83,,,,,,,,
0,0.6,7.51,56.83,,,,,,,,
0,0.6,7.51,56.83,,,,,,,,
0,0.6,7.51,56.83,,,,,,,,
0,0.6,7.51,56.83,,,,,,,,
0,0.6,7.51,56.83,,,,,,,,
0,0.6,7.51,56.83,,,,,,,,
0,0.6,7.51,56.83,,,,,,,,
0,0.6,7.51,56.83,,,,,,,,
0,0.6,7.51,56.83,,,,,,,,
0,0.6,7.51,56.83,,,,,,,,
0,0.6,7.51,56.83,,,,,,,,
0,0.6,7.51,56.83,,,,,,,,
0,0.6,7.51,56.83,,,,,,,,
0,0.6,7.51,56.83,,,,,,,,
0,0.6,7.51,56.83,,,,,,,,
0,0.6,7.51,56.83,,,,,,,,
0,0.6,7.51,56.83,,,,,,,,
0,0.6,7.51,56.83,,,,,,,,
0,0.6,7.51,56.83,,,,,,,,
0,0.6,7.51,56.83,,,,,,,,
0,0.6,7.51,56.83,,,,,,,,
0,0.6,7.51,56.83,,,,,,,,
0.01,0.6,8.09,58.84,,,,,,,,
0.02,1.87,8.67,59.85,,,,,,,,
0.02,1.87,8.67,59.85,,,,,,,,
0.03,1.87,9.26,60.85,,,,,,,,
0.04,1.87,9.85,55.82,,,,,,,,
0.05,1.87,10.43,59.34,,,,,,,,
0.06,1.87,11.02,58.84,,,,,,,,
0.07,1.7,11.61,57.83,,,,,,,,
0.08,1.7,12.19,58.34,,,,,,,,
0.09,1.7,12.78,60.35,,,,,,,,
0.1,1.7,13.38,59.34,,,,,,,,
0.11,1.7,13.98,59.34,,,,,,,,
0.12,1.87,14.58,58.34,,,,,,,,
0.13,1.87,15.19,64.37,,,,,,,,
0.14,1.87,15.8,61.86,,,,,,,,
0.15,1.87,16.41,60.85,,,,,,,,
0.16,1.87,17.02,61.35,,,,,,,,
0.17,1.79,17.63,59.34,,,,,,,,
0.18,1.79,18.25,61.35,,,,,,,,
0.19,1.79,18.87,62.36,,,,,,,,
0.2,1.79,19.49,63.37,,,,,,,,
0.21,1.79,20.12,63.87,,,,,,,,
0.22,3.66,20.76,63.87,,,,,,,,
0.23,3.66,21.39,62.86,,,,,,,,
0.24,3.66,22.03,64.37,,,,,,,,
0.25,3.66,22.67,64.37,,,,,,,,
0.26,3.66,23.31,63.87,,,,,,,,
0.27,5.02,23.96,64.37,,,,,,,,
0.28,5.02,24.6,64.37,,,,,,,,
0.29,5.02,25.25,66.38,,,,,,,,
0.3,5.02,25.9,63.37,,,,,,,,
0.31,5.02,26.56,66.38,,,,,,,,
0.32,4.85,27.21,65.88,,,,,,,,
0.33,4.85,27.87,65.38,,,,,,,,
0.34,4.85,28.53,67.39,,,,,,,,
0.34,4.85,28.53,67.39,,,,,,,,
0.35,4.85,29.2,64.87,,,,,,,,
0.36,4.85,29.87,67.39,,,,,,,,
0.37,5.96,30.54,68.9,,,,,,,,
0.38,5.96,31.21,67.39,,,,,,,,
0.39,5.96,31.89,67.89,,,,,,,,
0.4,5.96,32.56,66.38,,,,,,,,
0.41,5.96,33.24,68.4,,,,,,,,
0.42,8.51,33.92,66.38,,,,,,,,
0.43,8.51,34.6,69.4,,,,,,,,
0.44,8.51,35.28,69.9,,,,,,,,
0.45,8.51,35.96,66.38,,,,,,,,
0.46,8.51,36.64,66.89,,,,,,,,
0.47,8.85,37.32,68.4,,,,,,,,
0.48,8.85,38,68.4,,,,,,,,
0.49,8.85,38.68,67.39,,,,,,,,
0.5,8.85,39.36,69.4,,,,,,,,
0.51,8.85,40.05,69.4,,,,,,,,
0.52,10.64,40.74,68.4,,,,,,,,
0.53,10.64,41.43,68.4,,,,,,,,
0.54,10.64,42.12,68.9,,,,,,,,
0.55,10.64,42.81,69.4,,,,,,,,
0.56,10.64,43.5,69.4,,,,,,,,
0.57,12.94,44.2,71.41,,,,,,,,
0.58,12.94,44.9,68.9,,,,,,,,
0.59,12.94,45.6,71.41,,,,,,,,
0.6,12.94,46.31,68.9,,,,,,,,
0.61,12.94,47.01,70.41,,,,,,,,
0.62,14.05,47.72,71.92,,,,,,,,
0.63,14.05,48.43,71.41,,,,,,,,
0.64,14.05,49.15,71.41,,,,,,,,
0.65,14.05,49.86,71.92,,,,,,,,
0.66,14.05,50.57,71.41,,,,,,,,
0.66,14.05,50.57,71.41,,,,,,,,
0.67,15.24,51.29,71.92,,,,,,,,
0.68,15.24,52,70.41,,,,,,,,
0.69,15.24,52.71,69.9,,,,,,,,
0.7,15.24,53.42,72.42,,,,,,,,
0.71,15.24,54.13,69.4,,,,,,,,
0.72,17.03,54.84,72.92,,,,,,,,
0.73,17.03,55.56,70.91,,,,,,,,
0.74,17.03,56.28,70.91,,,,,,,,
0.75,17.03,57,72.92,,,,,,,,
0.76,17.03,57.73,73.93,,,,,,,,
0.77,19.24,58.46,72.92,,,,,,,,
0.78,19.24,59.19,74.93,,,,,,,,
0.79,19.24,59.92,71.41,,,,,,,,
0.8,19.24,60.65,71.41,,,,,,,,
0.81,19.24,61.37,74.43,,,,,,,,
0.82,21.38,62.1,72.92,,,,,,,,
0.83,21.38,62.82,70.91,,,,,,,,
0.84,21.38,63.55,73.93,,,,,,,,
0.85,21.38,64.27,71.41,,,,,,,,
0.86,21.38,64.99,71.92,,,,,,,,
0.87,24.02,65.71,71.41,,,,,,,,
0.88,24.02,66.43,72.42,,,,,,,,
0.89,24.02,67.16,72.92,,,,,,,,
0.9,24.02,67.88,72.92,,,,,,,,
0.91,24.02,68.61,70.41,,,,,,,,
0.92,27.35,69.34,74.93,,,,,,,,
0.93,27.35,70.08,73.93,,,,,,,,
0.93,27.35,70.08,73.93,,,,,,,,
0.93,27.35,70.08,73.93,,,,,,,,
0.93,27.35,70.08,73.93,,,,,,,,
0.93,27.35,70.08,73.93,,,,,,,,
0.93,27.35,70.08,73.93,,,,,,,,
0.94,27.35,70.81,74.43,,,,,,,,
0.95,27.35,71.55,74.43,,,,,,,,
0.96,27.35,72.29,71.41,,,,,,,,
0.97,28.11,73.02,74.43,,,,,,,,
0.98,28.11,73.76,72.92,,,,,,,,
0.98,28.11,73.76,72.92,,,,,,,,
0.99,28.11,74.51,76.94,,,,,,,,
1,28.11,75.25,73.93,,,,,,,,
1.01,28.11,75.99,73.42,,,,,,,,
1.02,33.15,76.72,72.92,,,,,,,,
1.03,33.15,77.46,73.42,,,,,,,,
1.04,33.15,78.19,74.43,,,,,,,,
1.05,33.15,78.92,71.41,,,,,,,,
1.06,33.15,79.66,73.42,,,,,,,,
1.07,35.2,80.39,73.42,,,,,,,,
1.08,35.2,81.14,74.43,,,,,,,,
1.09,35.2,81.88,75.94,,,,,,,,
1.1,35.2,82.62,75.44,,,,,,,,
1.11,35.2,83.37,73.93,,,,,,,,
1.12,40.23,84.11,71.92,,,,,,,,
1.13,40.23,84.84,73.93,,,,,,,,
1.14,40.23,85.58,73.93,,,,,,,,
1.15,40.23,86.32,74.43,,,,,,,,
1.16,40.23,87.07,73.42,,,,,,,,
1.17,41.6,87.81,76.44,,,,,,,,
1.18,41.6,88.56,75.44,,,,,,,,
1.19,41.6,89.32,74.93,,,,,,,,
1.2,41.6,90.06,74.93,,,,,,,,
1.21,41.6,90.81,75.44,,,,,,,,
1.22,45.19,91.56,72.92,,,,,,,,
1.23,45.19,92.3,73.93,,,,,,,,
1.24,45.19,93.05,75.44,,,,,,,,
1.25,45.19,93.8,75.44,,,,,,,,
1.26,45.19,94.55,74.93,,,,,,,,
1.27,48.52,95.3,74.43,,,,,,,,
1.28,48.52,96.05,75.44,,,,,,,,
1.29,48.52,96.8,74.93,,,,,,,,
1.3,48.52,97.55,75.44,,,,,,,,
1.3,48.52,97.55,75.44,,,,,,,,
1.31,48.52,98.3,75.44,,,,,,,,
1.32,52.63,99.06,75.94,,,,,,,,
1.33,52.63,99.81,74.93,,,,,,,,
1.34,52.63,100.56,74.43,,,,,,,,
1.35,52.63,101.32,75.94,,,,,,,,
1.36,52.63,102.07,76.44,,,,,,,,
1.37,56.56,102.83,75.44,,,,,,,,
1.38,56.56,103.58,74.43,,,,,,,,
1.39,56.56,104.33,74.43,,,,,,,,
1.4,56.56,105.08,75.44,,,,,,,,
1.41,56.56,105.83,74.43,,,,,,,,
1.42,60.24,106.58,75.94,,,,,,,,
1.43,60.24,107.33,72.92,,,,,,,,
1.44,60.24,108.08,77.45,,,,,,,,
1.45,60.24,108.83,73.93,,,,,,,,
1.46,60.24,109.58,74.93,,,,,,,,
1.47,66.74,110.33,75.94,,,,,,,,
1.48,66.74,111.08,74.43,,,,,,,,
1.49,66.74,111.83,73.42,,,,,,,,
1.5,66.74,112.58,75.94,,,,,,,,
1.51,66.74,113.33,75.94,,,,,,,,
1.52,68.88,114.09,77.45,,,,,,,,
1.53,68.88,114.84,73.93,,,,,,,,
1.54,68.88,115.6,75.94,,,,,,,,
1.55,68.88,116.35,74.43,,,,,,,,
1.56,68.88,117.1,73.93,,,,,,,,
1.57,74.11,117.84,75.44,,,,,,,,
1.58,74.11,118.59,74.43,,,,,,,,
1.59,74.11,119.34,75.44,,,,,,,,
1.6,74.11,120.08,73.42,,,,,,,,
1.61,74.11,120.83,74.93,,,,,,,,
1.62,79.17,121.58,73.93,,,,,,,,
1.62,79.17,121.58,73.93,,,,,,,,
1.63,79.17,122.33,77.45,,,,,,,,
1.64,79.17,123.09,76.44,,,,,,,,
1.65,79.17,123.84,73.93,,,,,,,,
1.66,79.17,124.59,75.44,,,,,,,,
1.67,82,125.34,74.43,,,,,,,,
1.68,82,126.08,73.42,,,,,,,,
1.69,82,126.83,75.44,,,,,,,,
1.7,82,127.58,74.43,,,,,,,,
1.71,82,128.32,73.93,,,,,,,,
1.72,86.63,129.07,75.44,,,,,,,,
1.73,86.63,129.83,75.44,,,,,,,,
1.74,86.63,130.58,75.94,,,,,,,,
1.75,86.63,131.34,76.94,,,,,,,,
1.76,86.63,132.1,75.44,,,,,,,,
1.77,92.64,132.85,74.43,,,,,,,,
1.78,92.64,133.6,75.94,,,,,,,,
1.79,92.64,134.35,75.44,,,,,,,,
1.8,92.64,135.1,73.93,,,,,,,,
1.81,92.64,135.85,74.93,,,,,,,,
1.82,97.79,136.59,73.42,,,,,,,,
1.83,97.79,137.34,74.43,,,,,,,,
1.84,97.79,138.08,74.43,,,,,,,,
1.85,97.79,138.82,73.93,,,,,,,,
1.86,97.79,139.57,74.93,,,,,,,,
1.87,104.06,140.31,74.93,,,,,,,,
1.88,104.06,141.06,74.93,,,,,,,,
1.89,104.06,141.81,74.43,,,,,,,,
1.9,104.06,142.56,75.94,,,,,,,,
1.91,104.06,143.31,74.93,,,,,,,,
1.92,108.87,144.06,74.93,,,,,,,,
1.92,108.87,144.06,74.93,,,,,,,,
1.92,108.87,144.06,74.93,,,,,,,,
1.92,108.87,144.06,74.93,,,,,,,,
1.92,108.87,144.06,74.93,,,,,,,,
1.92,108.87,144.06,74.93,,,,,,,,
1.93,108.87,144.8,72.92,,,,,,,,
1.94,108.87,145.54,74.93,,,,,,,,
1.94,108.87,145.54,74.93,,,,,,,,
1.95,108.87,146.27,71.92,,,,,,,,
1.96,108.87,147,72.42,,,,,,,,
1.97,114.38,147.73,72.92,,,,,,,,
1.98,114.38,148.47,74.93,,,,,,,,
1.99,114.38,149.2,73.42,,,,,,,,
2,114.38,149.93,72.42,,,,,,,,
2.01,114.38,150.66,73.42,,,,,,,,
2.02,118.42,151.39,71.41,,,,,,,,
2.03,118.42,152.11,71.92,,,,,,,,
2.04,118.42,152.84,72.92,,,,,,,,
2.05,118.42,153.56,73.93,,,,,,,,
2.06,118.42,154.29,72.42,,,,,,,,
2.07,125.56,155.02,72.92,,,,,,,,
2.08,125.56,155.74,72.42,,,,,,,,
2.09,125.56,156.47,71.92,,,,,,,,
2.1,125.56,157.19,71.41,,,,,,,,
2.11,125.56,157.92,73.42,,,,,,,,
2.12,132.2,158.64,72.92,,,,,,,,
2.13,132.2,159.36,71.92,,,,,,,,
2.14,132.2,160.07,70.41,,,,,,,,
2.15,132.2,160.78,70.91,,,,,,,,
2.16,132.2,161.49,70.41,,,,,,,,
2.17,136.16,162.2,70.91,,,,,,,,
2.18,136.16,162.91,71.41,,,,,,,,
2.19,136.16,163.63,71.41,,,,,,,,
2.2,136.16,164.33,72.42,,,,,,,,
2.21,136.16,165.04,68.9,,,,,,,,
2.22,141.42,165.74,70.91,,,,,,,,
2.23,141.42,166.43,69.4,,,,,,,,
2.24,141.42,167.11,68.4,,,,,,,,
2.25,141.42,167.77,65.88,,,,,,,,
2.26,141.42,168.4,63.87,,,,,,,,
2.26,141.42,168.4,63.87,,,,,,,,
2.27,147.98,169,58.84,,,,,,,,
2.28,147.98,169.54,54.31,,,,,,,,
2.29,147.98,170.02,46.27,,,,,,,,
2.3,147.98,170.42,37.72,,,,,,,,
2.31,147.98,170.73,28.16,,,,,,,,
2.32,153.07,170.95,15.09,,,,,,,,
2.33,153.07,171.08,7.04,,,,,,,,
2.34,153.07,171.13,-3.52,,,,,,,,
2.35,153.07,171.12,-7.54,,,,,,,,
2.36,153.07,171.05,-10.06,,,,,,,,
2.37,163.09,170.96,-11.06,,,,,,,,
2.38,163.09,170.85,-13.58,,,,,,,,
2.39,163.09,170.72,-13.08,,,,,,,,
2.4,163.09,170.59,-13.58,,,,,,,,
2.41,163.09,170.46,-12.57,,,,,,,,
2.42,169.92,170.32,-17.1,,,,,,,,
2.43,169.92,170.19,-11.06,,,,,,,,
2.44,169.92,170.05,-14.58,,,,,,,,
2.45,169.92,169.91,-12.57,,,,,,,,
2.46,169.92,169.78,-13.58,,,,,,,,
2.47,178.66,169.64,-14.08,,,,,,,,
2.48,178.66,169.5,-14.58,,,,,,,,
2.49,178.66,169.36,-14.08,,,,,,,,
2.5,178.66,169.21,-14.58,,,,,,,,
2.51,178.66,169.07,-15.09,,,,,,,,
2.52,184.72,168.92,-14.58,,,,,,,,
2.53,184.72,168.77,-15.09,,,,,,,,
2.53,184.72,168.77,-15.09,,,,,,,,
2.54,184.72,168.62,-14.58,,,,,,,,
2.55,184.72,168.47,-15.09,,,,,,,,
2.56,184.72,168.32,-14.08,,,,,,,,
2.57,193.39,168.17,-15.59,,,,,,,,
2.58,193.39,168.02,-16.6,,,,,,,,
2.58,193.39,168.02,-16.6,,,,,,,,
2.59,193.39,167.88,-13.58,,,,,,,,
2.6,193.39,167.73,-14.58,,,,,,,,
2.61,193.39,167.59,-13.58,,,,,,,,
2.62,198.94,167.45,-14.58,,,,,,,,
2.63,198.94,167.31,-13.58,,,,,,,,
2.64,198.94,167.16,-13.58,,,,,,,,
2.65,198.94,167.02,-14.58,,,,,,,,
2.66,198.94,166.88,-14.58,,,,,,,,
2.67,207.44,166.73,-16.09,,,,,,,,
2.68,207.44,166.58,-13.58,,,,,,,,
2.69,207.44,166.43,-15.59,,,,,,,,
2.7,207.44,166.28,-15.59,,,,,,,,
2.71,207.44,166.14,-13.58,,,,,,,,
2.72,215.77,165.99,-14.58,,,,,,,,
2.73,215.77,165.84,-14.58,,,,,,,,
2.74,215.77,165.7,-16.09,,,,,,,,
2.75,215.77,165.55,-14.08,,,,,,,,
2.76,215.77,165.41,-13.08,,,,,,,,
2.77,222.81,165.27,-14.58,,,,,,,,
2.78,222.81,165.12,-13.58,,,,,,,,
2.79,222.81,164.98,-14.08,,,,,,,,
2.8,222.81,164.84,-15.59,,,,,,,,
2.81,222.81,164.69,-14.58,,,,,,,,
2.82,230.03,164.55,-15.09,,,,,,,,
2.83,230.03,164.41,-13.08,,,,,,,,
2.84,230.03,164.27,-12.07,,,,,,,,
2.85,230.03,164.14,-13.58,,,,,,,,
2.86,230.03,164,-14.58,,,,,,,,
2.87,235.43,163.86,-14.58,,,,,,,,
2.88,235.43,163.73,-12.57,,,,,,,,
2.89,235.43,163.59,-13.58,,,,,,,,
2.9,235.43,163.46,-13.58,,,,,,,,
2.9,235.43,163.46,-13.58,,,,,,,,
2.91,235.43,163.33,-11.57,,,,,,,,
2.92,245.7,163.2,-13.08,,,,,,,,
2.92,245.7,163.2,-13.08,,,,,,,,
2.92,245.7,163.2,-13.08,,,,,,,,
2.92,245.7,163.2,-13.08,,,,,,,,
2.92,245.7,163.2,-13.08,,,,,,,,
2.92,245.7,163.2,-13.08,,,,,,,,
2.93,245.7,163.06,-14.08,,,,,,,,
2.94,245.7,162.93,-14.08,,,,,,,,
2.95,245.7,162.79,-14.58,,,,,,,,
2.96,245.7,162.65,-13.58,,,,,,,,
2.97,252.85,162.51,-13.08,,,,,,,,
2.98,252.85,162.38,-13.58,,,,,,,,
2.99,252.85,162.24,-13.58,,,,,,,,
3,252.85,162.1,-15.09,,,,,,,,
3.01,252.85,161.97,-13.08,,,,,,,,
3.02,261.4,161.83,-13.08,,,,,,,,
3.03,261.4,161.7,-13.08,,,,,,,,
3.04,261.4,161.57,-13.08,,,,,,,,
3.05,261.4,161.44,-13.08,,,,,,,,
3.06,261.4,161.31,-12.57,,,,,,,,
3.07,269.69,161.18,-12.57,,,,,,,,
3.08,269.69,161.04,-14.08,,,,,,,,
3.09,269.69,160.91,-13.58,,,,,,,,
3.1,269.69,160.78,-14.08,,,,,,,,
3.11,269.69,160.64,-13.58,,,,,,,,
3.12,276.24,160.51,-11.57,,,,,,,,
3.13,276.24,160.38,-13.58,,,,,,,,
3.14,276.24,160.24,-13.58,,,,,,,,
3.15,276.24,160.1,-14.08,,,,,,,,
3.16,276.24,159.96,-14.08,,,,,,,,
3.17,282.88,159.82,-16.09,,,,,,,,
3.18,282.88,159.68,-14.08,,,,,,,,
3.19,282.88,159.53,-14.58,,,,,,,,
3.2,282.88,159.39,-12.57,,,,,,,,
3.21,282.88,159.26,-12.07,,,,,,,,
3.22,290.49,159.12,-15.59,,,,,,,,
3.22,290.49,159.12,-15.59,,,,,,,,
3.23,290.49,158.97,-15.09,,,,,,,,
3.24,290.49,158.83,-14.58,,,,,,,,
3.25,290.49,158.69,-13.58,,,,,,,,
3.26,290.49,158.55,-14.58,,,,,,,,
3.27,297.85,158.41,-13.08,,,,,,,,
3.28,297.85,158.27,-13.08,,,,,,,,
3.29,297.85,158.13,-14.58,,,,,,,,
3.3,297.85,158,-14.08,,,,,,,,
3.31,297.85,157.86,-13.58,,,,,,,,
3.32,304.24,157.73,-12.07,,,,,,,,
3.33,304.24,157.6,-13.08,,,,,,,,
3.34,304.24,157.47,-12.57,,,,,,,,
3.35,304.24,157.34,-13.58,,,,,,,,
3.36,304.24,157.2,-14.08,,,,,,,,
3.37,310.64,157.06,-13.58,,,,,,,,
3.38,310.64,156.93,-14.08,,,,,,,,
3.39,310.64,156.79,-13.58,,,,,,,,
3.4,310.64,156.64,-13.58,,,,,,,,
3.41,310.64,156.5,-15.09,,,,,,,,
3.42,316.95,156.36,-15.09,,,,,,,,
3.43,316.95,156.21,-16.6,,,,,,,,
3.44,316.95,156.07,-12.57,,,,,,,,
3.45,316.95,155.93,-13.08,,,,,,,,
3.46,316.95,155.79,-14.08,,,,,,,,
3.47,324.32,155.66,-12.57,,,,,,,,
3.48,324.32,155.52,-13.58,,,,,,,,
3.49,324.32,155.39,-14.08,,,,,,,,
3.5,324.32,155.26,-12.07,,,,,,,,
3.51,324.32,155.13,-14.08,,,,,,,,
3.52,333.11,155,-12.57,,,,,,,,
3.53,333.11,154.87,-13.08,,,,,,,,
3.54,333.11,154.75,-10.56,,,,,,,,
3.54,333.11,154.75,-10.56,,,,,,,,
3.55,333.11,154.62,-13.08,,,,,,,,
3.56,333.11,154.49,-13.08,,,,,,,,
3.57,341.98,154.36,-14.08,,,,,,,,
3.58,341.98,154.23,-13.08,,,,,,,,
3.59,341.98,154.09,-13.08,,,,,,,,
3.6,341.98,153.95,-15.09,,,,,,,,
3.61,341.98,153.81,-14.08,,,,,,,,
3.62,348.85,153.68,-13.58,,,,,,,,
3.63,348.85,153.54,-13.08,,,,,,,,
3.64,348.85,153.41,-13.08,,,,,,,,
3.65,348.85,153.27,-12.57,,,,,,,,
3.66,348.85,153.14,-14.58,,,,,,,,
3.67,354.83,153.01,-13.08,,,,,,,,
3.68,354.83,152.87,-13.08,,,,,,,,
3.69,354.83,152.73,-14.08,,,,,,,,
3.7,354.83,152.6,-14.58,,,,,,,,
3.71,354.83,152.46,-13.58,,,,,,,,
3.72,361.26,152.32,-12.57,,,,,,,,
3.73,361.26,152.19,-12.57,,,,,,,,
3.74,361.26,152.05,-15.09,,,,,,,,
3.75,361.26,151.91,-15.09,,,,,,,,
3.76,361.26,151.78,-14.08,,,,,,,,
3.77,368.31,151.65,-12.07,,,,,,,,
3.78,368.31,151.52,-10.56,,,,,,,,
3.79,368.31,151.4,-12.07,,,,,,,,
3.8,368.31,151.27,-13.58,,,,,,,,
3.81,368.31,151.14,-12.07,,,,,,,,
3.82,374.22,151.01,-14.08,,,,,,,,
3.83,374.22,150.88,-11.57,,,,,,,,
3.84,374.22,150.75,-14.58,,,,,,,,
3.85,374.22,150.61,-16.09,,,,,,,,
3.86,374.22,150.47,-14.08,,,,,,,,
3.86,374.22,150.47,-14.08,,,,,,,,
3.87,381.11,150.34,-11.06,,,,,,,,
3.88,381.11,150.21,-12.57,,,,,,,,
3.89,381.11,150.08,-14.08,,,,,,,,
3.9,381.11,149.95,-11.57,,,,,,,,
3.91,381.11,149.81,-14.08,,,,,,,,
3.92,389.58,149.68,-13.08,,,,,,,,
3.93,389.58,149.54,-15.59,,,,,,,,
3.94,389.58,149.41,-13.08,,,,,,,,
3.94,389.58,149.41,-13.08,,,,,,,,
3.94,389.58,149.41,-13.08,,,,,,,,
3.94,389.58,149.41,-13.08,,,,,,,,
3.94,389.58,149.41,-13.08,,,,,,,,
3.94,389.58,149.41,-13.08,,,,,,,,
3.95,389.58,149.27,-13.58,,,,,,,,
3.96,389.58,149.14,-12.07,,,,,,,,
3.97,394.62,149.01,-12.07,,,,,,,,
3.98,394.62,148.88,-13.58,,,,,,,,
3.99,394.62,148.75,-13.58,,,,,,,,
4,394.62,148.62,-12.07,,,,,,,,
4.01,394.62,148.48,-14.58,,,,,,,,
4.02,400.19,148.34,-15.59,,,,,,,,
4.03,400.19,148.2,-13.08,,,,,,,,
4.04,400.19,148.07,-13.58,,,,,,,,
4.05,400.19,147.93,-13.08,,,,,,,,
4.06,400.19,147.79,-13.58,,,,,,,,
4.07,407.36,147.65,-15.09,,,,,,,,
4.08,407.36,147.51,-15.59,,,,,,,,
4.09,407.36,147.37,-13.08,,,,,,,,
4.1,407.36,147.23,-12.57,,,,,,,,
4.11,407.36,147.09,-14.58,,,,,,,,
4.12,415.15,146.95,-13.08,,,,,,,,
4.13,415.15,146.81,-14.58,,,,,,,,
4.14,415.15,146.68,-14.08,,,,,,,,
4.15,415.15,146.54,-13.08,,,,,,,,
4.16,415.15,146.41,-13.58,,,,,,,,
4.17,421.44,146.27,-13.58,,,,,,,,
4.18,421.44,146.14,-12.57,,,,,,,,
4.18,421.44,146.14,-12.57,,,,,,,,
4.19,421.44,146.01,-12.07,,,,,,,,
4.2,421.44,145.88,-13.08,,,,,,,,
4.21,421.44,145.75,-12.57,,,,,,,,
4.22,427.38,145.62,-15.59,,,,,,,,
4.23,427.38,145.49,-13.08,,,,,,,,
4.24,427.38,145.36,-11.57,,,,,,,,
4.25,427.38,145.23,-13.08,,,,,,,,
4.26,427.38,145.1,-13.08,,,,,,,,
4.27,436.25,144.97,-12.57,,,,,,,,
4.28,436.25,144.85,-12.07,,,,,,,,
4.29,436.25,144.72,-11.06,,,,,,,,
4.3,436.25,144.59,-14.08,,,,,,,,
4.31,436.25,144.45,-15.09,,,,,,,,
4.32,439.44,144.31,-15.59,,,,,,,,
4.33,439.44,144.17,-12.57,,,,,,,,
4.34,439.44,144.03,-14.08,,,,,,,,
4.35,439.44,143.89,-13.08,,,,,,,,
4.36,439.44,143.75,-14.58,,,,,,,,
4.37,447.79,143.62,-14.08,,,,,,,,
4.38,447.79,143.48,-14.08,,,,,,,,
4.39,447.79,143.33,-13.58,,,,,,,,
4.4,447.79,143.19,-13.58,,,,,,,,
4.41,447.79,143.06,-16.09,,,,,,,,
4.42,453.93,142.92,-13.08,,,,,,,,
4.43,453.93,142.78,-12.07,,,,,,,,
4.44,453.93,142.64,-14.08,,,,,,,,
4.45,453.93,142.5,-13.08,,,,,,,,
4.46,453.93,142.36,-15.09,,,,,,,,
4.47,462.55,142.22,-16.6,,,,,,,,
4.48,462.55,142.07,-13.08,,,,,,,,
4.49,462.55,141.93,-14.08,,,,,,,,
4.5,462.55,141.79,-14.08,,,,,,,,
4.5,462.55,141.79,-14.08,,,,,,,,
4.51,462.55,141.65,-13.58,,,,,,,,
4.52,467.89,141.52,-13.58,,,,,,,,
4.53,467.89,141.38,-13.08,,,,,,,,
4.54,467.89,141.25,-13.08,,,,,,,,
4.55,467.89,141.12,-13.08,,,,,,,,
4.56,467.89,140.98,-14.08,,,,,,,,
4.57,472.7,140.85,-13.08,,,,,,,,
4.58,472.7,140.71,-14.58,,,,,,,,
4.59,472.7,140.58,-13.58,,,,,,,,
4.6,472.7,140.45,-12.07,,,,,,,,
4.61,472.7,140.32,-13.08,,,,,,,,
4.62,477.16,140.19,-13.08,,,,,,,,
4.63,477.16,140.06,-12.07,,,,,,,,
4.64,477.16,139.93,-14.08,,,,,,,,
4.65,477.16,139.79,-12.57,,,,,,,,
4.66,477.16,139.66,-14.08,,,,,,,,
4.67,482.5,139.54,-12.57,,,,,,,,
4.68,482.5,139.41,-12.57,,,,,,,,
4.69,482.5,139.28,-12.07,,,,,,,,
4.7,482.5,139.16,-11.57,,,,,,,,
4.71,482.5,139.03,-13.58,,,,,,,,
4.72,489.55,138.91,-13.08,,,,,,,,
4.73,489.55,138.78,-12.57,,,,,,,,
4.74,489.55,138.66,-11.57,,,,,,,,
4.75,489.55,138.54,-11.57,,,,,,,,
4.76,489.55,138.43,-10.56,,,,,,,,
4.77,497.67,138.31,-12.07,,,,,,,,
4.78,497.67,138.2,-10.56,,,,,,,,
4.79,497.67,138.08,-12.07,,,,,,,,
4.8,497.67,137.96,-12.57,,,,,,,,
4.81,497.67,137.83,-13.08,,,,,,,,
4.82,501.87,137.71,-12.57,,,,,,,,
4.82,501.87,137.71,-12.57,,,,,,,,
4.83,501.87,137.58,-13.58,,,,,,,,
4.84,501.87,137.45,-12.57,,,,,,,,
4.85,501.87,137.32,-12.57,,,,,,,,
4.86,501.87,137.2,-11.57,,,,,,,,
4.87,508.12,137.08,-13.58,,,,,,,,
4.88,508.12,136.95,-11.06,,,,,,,,
4.89,508.12,136.83,-13.08,,,,,,,,
4.9,508.12,136.71,-11.57,,,,,,,,
4.91,508.12,136.59,-10.56,,,,,,,,
4.92,516.35,136.47,-13.08,,,,,,,,
4.93,516.35,136.35,-11.57,,,,,,,,
4.94,516.35,136.23,-11.57,,,,,,,,
4.95,516.35,136.11,-13.58,,,,,,,,
4.95,516.35,136.11,-13.58,,,,,,,,
4.95,516.35,136.11,-13.58,,,,,,,,
4.95,516.35,136.11,-13.58,,,,,,,,
4.95,516.35,136.11,-13.58,,,,,,,,
4.95,516.35,136.11,-13.58,,,,,,,,
4.96,516.35,135.98,-12.57,,,,,,,,
4.97,520.91,135.85,-13.58,,,,,,,,
4.98,520.91,135.72,-12.07,,,,,,,,
4.99,520.91,135.59,-13.08,,,,,,,,
5,520.91,135.46,-13.08,,,,,,,,
5.01,520.91,135.33,-13.58,,,,,,,,
5.02,528.25,135.19,-15.09,,,,,,,,
5.03,528.25,135.06,-12.57,,,,,,,,
5.04,528.25,134.92,-14.58,,,,,,,,
5.05,528.25,134.79,-13.58,,,,,,,,
5.06,528.25,134.66,-11.06,,,,,,,,
5.07,534.34,134.54,-11.06,,,,,,,,
5.08,534.34,134.41,-13.58,,,,,,,,
5.09,534.34,134.29,-13.08,,,,,,,,
5.1,534.34,134.16,-13.08,,,,,,,,
5.11,534.34,134.04,-12.07,,,,,,,,
5.12,539.99,133.91,-11.57,,,,,,,,
5.13,539.99,133.79,-12.07,,,,,,,,
5.14,539.99,133.66,-13.58,,,,,,,,
5.14,539.99,133.66,-13.58,,,,,,,,
5.15,539.99,133.53,-13.08,,,,,,,,
5.16,539.99,133.4,-13.08,,,,,,,,
5.17,545.73,133.27,-14.58,,,,,,,,
5.18,545.73,133.14,-11.06,,,,,,,,
5.19,545.73,133.02,-12.07,,,,,,,,
5.2,545.73,132.89,-12.07,,,,,,,,
5.21,545.73,132.77,-13.08,,,,,,,,
5.22,551.74,132.64,-12.57,,,,,,,,
5.23,551.74,132.52,-11.57,,,,,,,,
5.24,551.74,132.39,-14.08,,,,,,,,
5.25,551.74,132.26,-13.08,,,,,,,,
5.26,551.74,132.14,-13.08,,,,,,,,
5.27,556.86,132.01,-11.57,,,,,,,,
5.28,556.86,131.89,-11.57,,,,,,,,
5.29,556.86,131.77,-12.57,,,,,,,,
5.3,556.86,131.64,-12.07,,,,,,,,
5.31,556.86,131.52,-13.58,,,,,,,,
5.32,562.25,131.4,-11.06,,,,,,,,
5.33,562.25,131.28,-12.07,,,,,,,,
5.34,562.25,131.16,-11.57,,,,,,,,
5.35,562.25,131.04,-12.57,,,,,,,,
5.36,562.25,130.91,-12.57,,,,,,,,
5.37,569.35,130.78,-12.07,,,,,,,,
5.38,569.35,130.66,-13.58,,,,,,,,
5.39,569.35,130.53,-13.58,,,,,,,,
5.4,569.35,130.39,-13.58,,,,,,,,
5.41,569.35,130.26,-12.57,,,,,,,,
5.42,575.47,130.13,-13.08,,,,,,,,
5.43,575.47,130.01,-14.08,,,,,,,,
5.44,575.47,129.88,-10.56,,,,,,,,
5.45,575.47,129.76,-11.06,,,,,,,,
5.46,575.47,129.64,-11.57,,,,,,,,
5.46,575.47,129.64,-11.57,,,,,,,,
5.47,581.32,129.52,-13.58,,,,,,,,
5.48,581.32,129.4,-12.57,,,,,,,,
5.49,581.32,129.27,-13.08,,,,,,,,
5.5,581.32,129.15,-11.06,,,,,,,,
5.51,581.32,129.03,-12.57,,,,,,,,
5.52,587.89,128.91,-11.06,,,,,,,,
5.53,587.89,128.79,-11.57,,,,,,,,
5.54,587.89,128.67,-11.06,,,,,,,,
5.55,587.89,128.55,-13.58,,,,,,,,
5.56,587.89,128.43,-12.07,,,,,,,,
5.57,593.93,128.3,-14.08,,,,,,,,
5.58,593.93,128.17,-13.08,,,,,,,,
5.59,593.93,128.04,-12.57,,,,,,,,
5.6,593.93,127.92,-12.57,,,,,,,,
5.61,593.93,127.79,-12.07,,,,,,,,
5.62,601.14,127.67,-12.57,,,,,,,,
5.63,601.14,127.55,-11.06,,,,,,,,
5.64,601.14,127.44,-11.06,,,,,,,,
5.65,601.14,127.32,-11.06,,,,,,,,
5.66,601.14,127.21,-12.07,,,,,,,,
5.67,606.37,127.09,-11.06,,,,,,,,
5.68,606.37,126.97,-12.07,,,,,,,,
5.69,606.37,126.84,-14.08,,,,,,,,
5.7,606.37,126.72,-12.57,,,,,,,,
5.71,606.37,126.59,-13.08,,,,,,,,
5.72,610.34,126.46,-12.57,,,,,,,,
5.73,610.34,126.33,-12.57,,,,,,,,
5.74,610.34,126.21,-13.08,,,,,,,,
5.75,610.34,126.08,-11.57,,,,,,,,
5.76,610.34,125.96,-12.07,,,,,,,,
5.77,614.32,125.83,-14.08,,,,,,,,
5.78,614.32,125.7,-13.08,,,,,,,,
5.78,614.32,125.7,-13.08,,,,,,,,
5.79,614.32,125.57,-12.07,,,,,,,,
5.8,614.32,125.44,-13.58,,,,,,,,
5.81,614.32,125.32,-13.08,,,,,,,,
5.82,622.18,125.2,-11.57,,,,,,,,
5.83,622.18,125.08,-10.06,,,,,,,,
5.84,622.18,124.97,-10.56,,,,,,,,
5.85,622.18,124.86,-11.06,,,,,,,,
5.86,622.18,124.74,-12.07,,,,,,,,
5.87,625.79,124.62,-13.08,,,,,,,,
5.88,625.79,124.5,-13.08,,,,,,,,
5.89,625.79,124.37,-12.07,,,,,,,,
5.9,625.79,124.25,-12.07,,,,,,,,
5.91,625.79,124.12,-13.08,,,,,,,,
5.92,633.66,124,-12.07,,,,,,,,
5.93,633.66,123.88,-12.07,,,,,,,,
5.94,633.66,123.75,-13.08,,,,,,,,
5.94,633.66,123.75,-13.08,,,,,,,,
5.94,633.66,123.75,-13.08,,,,,,,,
5.94,633.66,123.75,-13.08,,,,,,,,
5.94,633.66,123.75,-13.08,,,,,,,,
5.94,633.66,123.75,-13.08,,,,,,,,
5.95,633.66,123.63,-11.57,,,,,,,,
5.96,633.66,123.52,-10.56,,,,,,,,
5.97,639.36,123.4,-11.57,,,,,,,,
5.98,639.36,123.28,-12.07,,,,,,,,
5.99,639.36,123.16,-13.58,,,,,,,,
6,639.36,123.04,-11.06,,,,,,,,
6.01,639.36,122.92,-12.07,,,,,,,,
6.02,643.71,122.8,-12.07,,,,,,,,
6.03,643.71,122.68,-11.57,,,,,,,,
6.04,643.71,122.56,-12.07,,,,,,,,
6.05,643.71,122.44,-13.08,,,,,,,,
6.06,643.71,122.32,-12.07,,,,,,,,
6.07,647.06,122.19,-11.57,,,,,,,,
6.08,647.06,122.07,-12.07,,,,,,,,
6.09,647.06,121.95,-13.08,,,,,,,,
6.1,647.06,121.83,-11.57,,,,,,,,
6.1,647.06,121.83,-11.57,,,,,,,,
6.11,647.06,121.72,-11.57,,,,,,,,
6.12,653.4,121.6,-10.56,,,,,,,,
6.13,653.4,121.49,-11.57,,,,,,,,
6.14,653.4,121.38,-11.06,,,,,,,,
6.15,653.4,121.26,-10.06,,,,,,,,
6.16,653.4,121.15,-12.07,,,,,,,,
6.17,658.12,121.03,-12.57,,,,,,,,
6.18,658.12,120.91,-14.08,,,,,,,,
6.19,658.12,120.79,-9.56,,,,,,,,
6.2,658.12,120.67,-12.07,,,,,,,,
6.21,658.12,120.55,-12.57,,,,,,,,
6.22,663.02,120.43,-11.06,,,,,,,,
6.23,663.02,120.31,-12.07,,,,,,,,
6.24,663.02,120.19,-12.57,,,,,,,,
6.25,663.02,120.06,-13.08,,,,,,,,
6.26,663.02,119.94,-13.58,,,,,,,,
6.27,670.37,119.81,-12.57,,,,,,,,
6.28,670.37,119.69,-11.57,,,,,,,,
6.29,670.37,119.57,-11.06,,,,,,,,
6.3,670.37,119.46,-12.07,,,,,,,,
6.31,670.37,119.34,-11.06,,,,,,,,
6.32,675.82,119.22,-12.07,,,,,,,,
6.33,675.82,119.1,-11.57,,,,,,,,
6.34,675.82,118.99,-11.57,,,,,,,,
6.35,675.82,118.87,-13.08,,,,,,,,
6.36,675.82,118.75,-11.06,,,,,,,,
6.37,679.55,118.63,-11.57,,,,,,,,
6.38,679.55,118.52,-11.57,,,,,,,,
6.39,679.55,118.4,-11.57,,,,,,,,
6.4,679.55,118.28,-11.57,,,,,,,,
6.41,679.55,118.16,-13.58,,,,,,,,
6.42,685.18,118.03,-12.07,,,,,,,,
6.42,685.18,118.03,-12.07,,,,,,,,
6.43,685.18,117.91,-12.57,,,,,,,,
6.44,685.18,117.79,-12.57,,,,,,,,
6.45,685.18,117.66,-11.57,,,,,,,,
6.46,685.18,117.54,-12.07,,,,,,,,
6.47,692.01,117.42,-11.57,,,,,,,,
6.48,692.01,117.3,-13.08,,,,,,,,
6.49,692.01,117.18,-12.07,,,,,,,,
6.5,692.01,117.06,-11.06,,,,,,,,
6.51,692.01,116.95,-12.07,,,,,,,,
6.52,696.37,116.83,-11.06,,,,,,,,
6.53,696.37,116.72,-11.06,,,,,,,,
6.54,696.37,116.61,-11.57,,,,,,,,
6.55,696.37,116.49,-10.56,,,,,,,,
6.56,696.37,116.38,-12.07,,,,,,,,
6.57,701.02,116.26,-11.06,,,,,,,,
6.58,701.02,116.14,-13.08,,,,,,,,
6.59,701.02,116.02,-11.57,,,,,,,,
6.6,701.02,115.9,-12.07,,,,,,,,
6.61,701.02,115.78,-13.08,,,,,,,,
6.62,709.13,115.66,-11.57,,,,,,,,
6.63,709.13,115.55,-10.56,,,,,,,,
6.64,709.13,115.43,-11.57,,,,,,,,
6.65,709.13,115.32,-11.57,,,,,,,,
6.66,709.13,115.2,-11.57,,,,,,,,
6.67,710.22,115.09,-11.06,,,,,,,,
6.68,710.22,114.98,-11.57,,,,,,,,
6.69,710.22,114.86,-10.56,,,,,,,,
6.7,710.22,114.75,-11.57,,,,,,,,
6.71,710.22,114.63,-12.07,,,,,,,,
6.72,716.88,114.51,-13.08,,,,,,,,
6.73,716.88,114.4,-11.57,,,,,,,,
6.74,716.88,114.28,-10.56,,,,,,,,
6.74,716.88,114.28,-10.56,,,,,,,,
6.75,716.88,114.17,-11.06,,,,,,,,
6.76,716.88,114.06,-10.56,,,,,,,,
6.77,721.26,113.94,-12.07,,,,,,,,
6.78,721.26,113.82,-11.57,,,,,,,,
6.79,721.26,113.71,-12.57,,,,,,,,
6.8,721.26,113.59,-13.08,,,,,,,,
6.81,721.26,113.47,-11.06,,,,,,,,
6.82,727.56,113.35,-11.57,,,,,,,,
6.83,727.56,113.23,-11.57,,,,,,,,
6.84,727.56,113.12,-11.06,,,,,,,,
6.85,727.56,113.01,-11.06,,,,,,,,
6.86,727.56,112.9,-10.56,,,,,,,,
6.87,731.03,112.79,-10.06,,,,,,,,
6.88,731.03,112.67,-12.57,,,,,,,,
6.89,731.03,112.56,-12.57,,,,,,,,
6.9,731.03,112.44,-11.06,,,,,,,,
6.91,731.03,112.33,-12.57,,,,,,,,
6.92,736.33,112.21,-10.56,,,,,,,,
6.93,736.33,112.09,-11.06,,,,,,,,
6.94,736.33,111.98,-12.07,,,,,,,,
6.94,736.33,111.98,-12.07,,,,,,,,
6.94,736.33,111.98,-12.07,,,,,,,,
6.94,736.33,111.98,-12.07,,,,,,,,
6.94,736.33,111.98,-12.07,,,,,,,,
6.94,736.33,111.98,-12.07,,,,,,,,
6.95,736.33,111.86,-11.57,,,,,,,,
6.96,736.33,111.75,-12.57,,,,,,,,
6.97,742.36,111.63,-11.06,,,,,,,,
6.98,742.36,111.51,-11.06,,,,,,,,
6.99,742.36,111.4,-10.56,,,,,,,,
7,742.36,111.28,-13.08,,,,,,,,
7.01,742.36,111.16,-11.57,,,,,,,,
7.02,747.03,111.03,-15.09,,,,,,,,
7.03,747.03,110.91,-11.06,,,,,,,,
7.04,747.03,110.79,-12.57,,,,,,,,
7.05,747.03,110.67,-10.56,,,,,,,,
7.06,747.03,110.55,-12.57,,,,,,,,
7.06,747.03,110.55,-12.57,,,,,,,,
7.07,751.05,110.43,-11.57,,,,,,,,
7.08,751.05,110.32,-11.57,,,,,,,,
7.09,751.05,110.2,-11.57,,,,,,,,
7.1,751.05,110.09,-11.06,,,,,,,,
7.11,751.05,109.97,-11.57,,,,,,,,
7.12,756,109.86,-12.07,,,,,,,,
7.13,756,109.74,-11.06,,,,,,,,
7.14,756,109.63,-10.56,,,,,,,,
7.15,756,109.51,-11.57,,,,,,,,
7.16,756,109.4,-12.57,,,,,,,,
7.17,760.76,109.29,-11.06,,,,,,,,
7.18,760.76,109.17,-10.56,,,,,,,,
7.19,760.76,109.05,-11.06,,,,,,,,
7.2,760.76,108.94,-13.08,,,,,,,,
7.21,760.76,108.82,-12.57,,,,,,,,
7.22,764.97,108.69,-13.08,,,,,,,,
7.23,764.97,108.57,-10.56,,,,,,,,
7.24,764.97,108.45,-12.57,,,,,,,,
7.25,764.97,108.34,-11.57,,,,,,,,
7.26,764.97,108.22,-11.06,,,,,,,,
7.27,770.75,108.1,-12.57,,,,,,,,
7.28,770.75,107.98,-11.57,,,,,,,,
7.29,770.75,107.86,-12.07,,,,,,,,
7.3,770.75,107.74,-12.07,,,,,,,,
7.31,770.75,107.62,-13.08,,,,,,,,
7.32,773.96,107.5,-11.06,,,,,,,,
7.33,773.96,107.38,-12.57,,,,,,,,
7.34,773.96,107.26,-11.57,,,,,,,,
7.35,773.96,107.15,-11.06,,,,,,,,
7.36,773.96,107.03,-12.07,,,,,,,,
7.37,778.91,106.91,-10.56,,,,,,,,
7.38,778.91,106.8,-11.57,,,,,,,,
7.38,778.91,106.8,-11.57,,,,,,,,
7.39,778.91,106.68,-13.08,,,,,,,,
7.4,778.91,106.56,-11.57,,,,,,,,
7.41,778.91,106.44,-11.57,,,,,,,,
7.42,783.69,106.32,-12.57,,,,,,,,
7.43,783.69,106.21,-11.06,,,,,,,,
7.44,783.69,106.09,-11.06,,,,,,,,
7.45,783.69,105.97,-12.57,,,,,,,,
7.46,783.69,105.85,-13.08,,,,,,,,
7.47,791.68,105.73,-11.57,,,,,,,,
7.48,791.68,105.62,-11.06,,,,,,,,
7.49,791.68,105.5,-10.56,,,,,,,,
7.5,791.68,105.39,-9.56,,,,,,,,
7.51,791.68,105.28,-13.08,,,,,,,,
7.52,796.55,105.16,-12.07,,,,,,,,
7.53,796.55,105.04,-12.07,,,,,,,,
7.54,796.55,104.92,-12.07,,,,,,,,
7.55,796.55,104.79,-13.08,,,,,,,,
7.56,796.55,104.67,-12.57,,,,,,,,
7.57,799.13,104.54,-12.57,,,,,,,,
7.58,799.13,104.42,-13.08,,,,,,,,
7.59,799.13,104.29,-12.07,,,,,,,,
7.6,799.13,104.17,-12.57,,,,,,,,
7.61,799.13,104.05,-11.57,,,,,,,,
7.62,803.08,103.93,-11.57,,,,,,,,
7.63,803.08,103.82,-11.06,,,,,,,,
7.64,803.08,103.7,-11.57,,,,,,,,
7.65,803.08,103.59,-10.56,,,,,,,,
7.66,803.08,103.48,-11.06,,,,,,,,
7.67,805.75,103.37,-11.06,,,,,,,,
7.68,805.75,103.26,-11.57,,,,,,,,
7.69,805.75,103.14,-11.57,,,,,,,,
7.7,805.75,103.03,-11.06,,,,,,,,
7.7,805.75,103.03,-11.06,,,,,,,,
7.71,805.75,102.92,-11.06,,,,,,,,
7.72,810.44,102.8,-12.57,,,,,,,,
7.73,810.44,102.69,-11.06,,,,,,,,
7.74,810.44,102.58,-10.56,,,,,,,,
7.75,810.44,102.47,-10.56,,,,,,,,
7.76,810.44,102.36,-12.07,,,,,,,,
7.77,815.51,102.25,-10.56,,,,,,,,
7.78,815.51,102.14,-11.06,,,,,,,,
7.79,815.51,102.03,-10.06,,,,,,,,
7.8,815.51,101.92,-10.56,,,,,,,,
7.81,815.51,101.81,-11.57,,,,,,,,
7.82,820.3,101.69,-12.57,,,,,,,,
7.83,820.3,101.58,-10.56,,,,,,,,
7.84,820.3,101.46,-12.57,,,,,,,,
7.85,820.3,101.35,-12.57,,,,,,,,
7.86,820.3,101.23,-10.06,,,,,,,,
7.87,824.63,101.12,-11.06,,,,,,,,
7.88,824.63,101,-10.56,,,,,,,,
7.89,824.63,100.89,-12.57,,,,,,,,
7.9,824.63,100.78,-11.06,,,,,,,,
7.91,824.63,100.66,-13.08,,,,,,,,
7.92,828.96,100.54,-11.06,,,,,,,,
7.93,828.96,100.43,-10.56,,,,,,,,
7.93,828.96,100.43,-10.56,,,,,,,,
7.93,828.96,100.43,-10.56,,,,,,,,
7.93,828.96,100.43,-10.56,,,,,,,,
7.93,828.96,100.43,-10.56,,,,,,,,
7.93,828.96,100.43,-10.56,,,,,,,,
7.94,828.96,100.32,-11.06,,,,,,,,
7.95,828.96,100.21,-11.57,,,,,,,,
7.96,828.96,100.1,-10.56,,,,,,,,
7.97,833.85,99.99,-10.56,,,,,,,,
7.98,833.85,99.88,-11.57,,,,,,,,
7.99,833.85,99.77,-10.56,,,,,,,,
8,833.85,99.66,-11.57,,,,,,,,
8.01,833.85,99.55,-11.57,,,,,,,,
8.02,837.73,99.44,-10.56,,,,,,,,
8.02,837.73,99.44,-10.56,,,,,,,,
8.03,837.73,99.32,-10.06,,,,,,,,
8.04,837.73,99.21,-11.57,,,,,,,,
8.05,837.73,99.1,-12.57,,,,,,,,
8.06,837.73,98.98,-12.07,,,,,,,,
8.07,842.62,98.86,-11.06,,,,,,,,
8.08,842.62,98.74,-12.57,,,,,,,,
8.09,842.62,98.62,-11.57,,,,,,,,
8.1,842.62,98.51,-11.57,,,,,,,,
8.11,842.62,98.39,-12.07,,,,,,,,
8.12,846.5,98.27,-12.07,,,,,,,,
8.13,846.5,98.16,-11.57,,,,,,,,
8.14,846.5,98.04,-10.06,,,,,,,,
8.15,846.5,97.93,-12.57,,,,,,,,
8.16,846.5,97.82,-10.56,,,,,,,,
8.17,851.31,97.71,-10.06,,,,,,,,
8.18,851.31,97.6,-11.57,,,,,,,,
8.19,851.31,97.49,-10.06,,,,,,,,
8.2,851.31,97.39,-11.06,,,,,,,,
8.21,851.31,97.28,-11.06,,,,,,,,
8.22,855.01,97.17,-9.56,,,,,,,,
8.23,855.01,97.07,-11.06,,,,,,,,
8.24,855.01,96.96,-11.06,,,,,,,,
8.25,855.01,96.85,-10.56,,,,,,,,
8.26,855.01,96.74,-11.57,,,,,,,,
8.27,858.8,96.62,-12.57,,,,,,,,
8.28,858.8,96.51,-11.57,,,,,,,,
8.29,858.8,96.4,-8.55,,,,,,,,
8.3,858.8,96.29,-12.07,,,,,,,,
8.31,858.8,96.18,-11.06,,,,,,,,
8.32,863.33,96.07,-11.06,,,,,,,,
8.33,863.33,95.96,-11.57,,,,,,,,
8.34,863.33,95.85,-10.06,,,,,,,,
8.34,863.33,95.85,-10.06,,,,,,,,
8.35,863.33,95.74,-11.06,,,,,,,,
8.36,863.33,95.62,-12.57,,,,,,,,
8.37,866.94,95.51,-11.06,,,,,,,,
8.38,866.94,95.4,-10.56,,,,,,,,
8.39,866.94,95.3,-10.56,,,,,,,,
8.4,866.94,95.19,-9.56,,,,,,,,
8.41,866.94,95.08,-10.56,,,,,,,,
8.42,870.09,94.97,-11.57,,,,,,,,
8.43,870.09,94.86,-12.07,,,,,,,,
8.44,870.09,94.75,-10.56,,,,,,,,
8.45,870.09,94.63,-11.57,,,,,,,,
8.46,870.09,94.51,-13.08,,,,,,,,
8.47,875.28,94.38,-13.08,,,,,,,,
8.48,875.28,94.25,-14.08,,,,,,,,
8.49,875.28,94.13,-12.57,,,,,,,,
8.5,875.28,94.01,-10.56,,,,,,,,
8.51,875.28,93.89,-11.06,,,,,,,,
8.52,879.73,93.78,-11.06,,,,,,,,
8.53,879.73,93.66,-12.07,,,,,,,,
8.54,879.73,93.55,-12.07,,,,,,,,
8.55,879.73,93.44,-11.06,,,,,,,,
8.56,879.73,93.32,-10.06,,,,,,,,
8.57,882.79,93.21,-12.07,,,,,,,,
8.58,882.79,93.11,-10.56,,,,,,,,
8.59,882.79,93,-10.06,,,,,,,,
8.6,882.79,92.89,-11.06,,,,,,,,
8.61,882.79,92.79,-10.56,,,,,,,,
8.62,888.72,92.68,-9.56,,,,,,,,
8.63,888.72,92.57,-11.06,,,,,,,,
8.64,888.72,92.47,-10.56,,,,,,,,
8.65,888.72,92.36,-11.57,,,,,,,,
8.66,888.72,92.25,-11.57,,,,,,,,
8.66,888.72,92.25,-11.57,,,,,,,,
8.67,889.83,92.13,-10.56,,,,,,,,
8.68,889.83,92.02,-11.57,,,,,,,,
8.69,889.83,91.91,-12.57,,,,,,,,
8.7,889.83,91.79,-10.56,,,,,,,,
8.71,889.83,91.68,-11.06,,,,,,,,
8.72,895.12,91.57,-11.57,,,,,,,,
8.73,895.12,91.45,-11.06,,,,,,,,
8.74,895.12,91.34,-11.06,,,,,,,,
8.75,895.12,91.23,-11.06,,,,,,,,
8.76,895.12,91.12,-12.57,,,,,,,,
8.77,898.93,91.01,-9.56,,,,,,,,
8.78,898.93,90.89,-11.57,,,,,,,,
8.79,898.93,90.78,-11.06,,,,,,,,
8.8,898.93,90.67,-12.57,,,,,,,,
8.81,898.93,90.55,-12.07,,,,,,,,
8.82,902.93,90.44,-10.06,,,,,,,,
8.83,902.93,90.34,-9.05,,,,,,,,
8.84,902.93,90.23,-11.06,,,,,,,,
8.85,902.93,90.13,-11.06,,,,,,,,
8.86,902.93,90.02,-10.06,,,,,,,,
8.87,907.01,89.91,-10.06,,,,,,,,
8.88,907.01,89.8,-12.07,,,,,,,,
8.89,907.01,89.68,-12.57,,,,,,,,
8.9,907.01,89.56,-11.57,,,,,,,,
8.91,907.01,89.45,-13.08,,,,,,,,
8.92,910.92,89.33,-10.56,,,,,,,,
8.93,910.92,89.21,-11.57,,,,,,,,
8.93,910.92,89.21,-11.57,,,,,,,,
8.93,910.92,89.21,-11.57,,,,,,,,
8.93,910.92,89.21,-11.57,,,,,,,,
8.93,910.92,89.21,-11.57,,,,,,,,
8.93,910.92,89.21,-11.57,,,,,,,,
8.94,910.92,89.1,-11.06,,,,,,,,
8.95,910.92,88.99,-10.56,,,,,,,,
8.96,910.92,88.87,-12.57,,,,,,,,
8.97,914.92,88.76,-11.57,,,,,,,,
8.98,914.92,88.65,-11.57,,,,,,,,
8.98,914.92,88.65,-11.57,,,,,,,,
8.99,914.92,88.54,-9.05,,,,,,,,
9,914.92,88.43,-11.57,,,,,,,,
9.01,914.92,88.32,-10.56,,,,,,,,
9.02,918.82,88.22,-10.56,,,,,,,,
9.03,918.82,88.11,-10.06,,,,,,,,
9.04,918.82,88.01,-11.06,,,,,,,,
9.05,918.82,87.9,-10.56,,,,,,,,
9.06,918.82,87.79,-10.06,,,,,,,,
9.07,924.32,87.68,-12.07,,,,,,,,
9.08,924.32,87.57,-10.56,,,,,,,,
9.09,924.32,87.46,-12.07,,,,,,,,
9.1,924.32,87.36,-10.06,,,,,,,,
9.11,924.32,87.25,-10.56,,,,,,,,
9.12,926.64,87.14,-10.06,,,,,,,,
9.13,926.64,87.03,-11.06,,,,,,,,
9.14,926.64,86.93,-11.06,,,,,,,,
9.15,926.64,86.82,-10.56,,,,,,,,
9.16,926.64,86.71,-11.06,,,,,,,,
9.17,930.46,86.6,-11.06,,,,,,,,
9.18,930.46,86.49,-11.06,,,,,,,,
9.19,930.46,86.37,-12.07,,,,,,,,
9.2,930.46,86.26,-11.57,,,,,,,,
9.21,930.46,86.15,-10.56,,,,,,,,
9.22,933.35,86.04,-11.06,,,,,,,,
9.23,933.35,85.93,-11.57,,,,,,,,
9.24,933.35,85.82,-10.06,,,,,,,,
9.25,933.35,85.71,-10.06,,,,,,,,
9.26,933.35,85.61,-11.06,,,,,,,,
9.27,937.08,85.5,-10.56,,,,,,,,
9.28,937.08,85.4,-11.06,,,,,,,,
9.29,937.08,85.29,-9.05,,,,,,,,
9.3,937.08,85.19,-11.06,,,,,,,,
9.3,937.08,85.19,-11.06,,,,,,,,
9.31,937.08,85.08,-11.06,,,,,,,,
9.32,940.34,84.98,-10.56,,,,,,,,
9.33,940.34,84.88,-10.06,,,,,,,,
9.34,940.34,84.77,-9.05,,,,,,,,
9.35,940.34,84.67,-10.56,,,,,,,,
9.36,940.34,84.56,-11.06,,,,,,,,
9.37,945.29,84.46,-11.06,,,,,,,,
9.38,945.29,84.35,-10.56,,,,,,,,
9.39,945.29,84.24,-11.06,,,,,,,,
9.4,945.29,84.12,-12.07,,,,,,,,
9.41,945.29,84.01,-11.57,,,,,,,,
9.42,947.34,83.89,-11.57,,,,,,,,
9.43,947.34,83.77,-12.07,,,,,,,,
9.44,947.34,83.65,-12.07,,,,,,,,
9.45,947.34,83.54,-11.57,,,,,,,,
9.46,947.34,83.42,-12.57,,,,,,,,
9.47,952.19,83.31,-10.06,,,,,,,,
9.48,952.19,83.2,-10.56,,,,,,,,
9.49,952.19,83.1,-10.56,,,,,,,,
9.5,952.19,82.99,-11.06,,,,,,,,
9.51,952.19,82.89,-8.05,,,,,,,,
9.52,954.62,82.79,-10.56,,,,,,,,
9.53,954.62,82.68,-11.06,,,,,,,,
9.54,954.62,82.57,-11.06,,,,,,,,
9.55,954.62,82.47,-11.06,,,,,,,,
9.56,954.62,82.36,-11.06,,,,,,,,
9.57,958.36,82.25,-11.57,,,,,,,,
9.58,958.36,82.14,-10.06,,,,,,,,
9.59,958.36,82.04,-10.06,,,,,,,,
9.6,958.36,81.93,-9.56,,,,,,,,
9.61,958.36,81.83,-11.06,,,,,,,,
9.62,960.32,81.72,-10.56,,,,,,,,
9.62,960.32,81.72,-10.56,,,,,,,,
9.63,960.32,81.62,-11.06,,,,,,,,
9.64,960.32,81.51,-9.56,,,,,,,,
9.65,960.32,81.4,-11.57,,,,,,,,
9.66,960.32,81.29,-11.06,,,,,,,,
9.67,963.77,81.18,-11.57,,,,,,,,
9.68,963.77,81.06,-12.07,,,,,,,,
9.69,963.77,80.95,-12.07,,,,,,,,
9.7,963.77,80.84,-10.56,,,,,,,,
9.71,963.77,80.73,-10.06,,,,,,,,
9.72,966.58,80.62,-11.57,,,,,,,,
9.73,966.58,80.51,-11.06,,,,,,,,
9.74,966.58,80.4,-10.56,,,,,,,,
9.75,966.58,80.29,-10.56,,,,,,,,
9.76,966.58,80.19,-9.56,,,,,,,,
9.77,970.32,80.08,-12.07,,,,,,,,
9.78,970.32,79.97,-11.57,,,,,,,,
9.79,970.32,79.86,-10.06,,,,,,,,
9.8,970.32,79.76,-9.56,,,,,,,,
9.81,970.32,79.65,-11.06,,,,,,,,
9.82,973.22,79.55,-10.56,,,,,,,,
9.83,973.22,79.44,-10.56,,,,,,,,
9.84,973.22,79.33,-11.06,,,,,,,,
9.85,973.22,79.21,-11.57,,,,,,,,
9.86,973.22,79.1,-12.57,,,,,,,,
9.87,977.06,78.99,-11.06,,,,,,,,
9.88,977.06,78.87,-11.06,,,,,,,,
9.89,977.06,78.76,-11.57,,,,,,,,
9.9,977.06,78.65,-10.56,,,,,,,,
9.91,977.06,78.54,-11.06,,,,,,,,
9.92,980.61,78.43,-11.06,,,,,,,,
9.93,980.61,78.33,-11.06,,,,,,,,
9.93,980.61,78.33,-11.06,,,,,,,,
9.93,980.61,78.33,-11.06,,,,,,,,
9.93,980.61,78.33,-11.06,,,,,,,,
9.93,980.61,78.33,-11.06,,,,,,,,
9.93,980.61,78.33,-11.06,,,,,,,,
9.94,980.61,78.22,-9.05,,,,,,,,
9.94,980.61,78.22,-9.05,,,,,,,,
9.95,980.61,78.12,-10.06,,,,,,,,
9.96,980.61,78.01,-10.06,,,,,,,,
9.97,984.64,77.91,-11.57,,,,,,,,
9.98,984.64,77.8,-11.06,,,,,,,,
9.99,984.64,77.69,-10.56,,,,,,,,
10,984.64,77.58,-11.57,,,,,,,,
10.01,984.64,77.46,-12.07,,,,,,,,
10.02,988.76,77.35,-10.06,,,,,,,,
10.03,988.76,77.24,-12.57,,,,,,,,
10.04,988.76,77.13,-11.57,,,,,,,,
10.05,988.76,77.02,-11.06,,,,,,,,
10.06,988.76,76.91,-9.05,,,,,,,,
10.07,990.73,76.81,-8.55,,,,,,,,
10.08,990.73,76.71,-12.07,,,,,,,,
10.09,990.73,76.6,-9.56,,,,,,,,
10.1,990.73,76.5,-11.57,,,,,,,,
10.11,990.73,76.39,-10.56,,,,,,,,
10.12,992.98,76.29,-11.06,,,,,,,,
10.13,992.98,76.18,-10.56,,,,,,,,
10.14,992.98,76.08,-9.05,,,,,,,,
10.15,992.98,75.98,-8.55,,,,,,,,
10.16,992.98,75.87,-10.06,,,,,,,,
10.17,996.26,75.77,-13.58,,,,,,,,
10.18,996.26,75.65,-10.56,,,,,,,,
10.19,996.26,75.54,-13.08,,,,,,,,
10.2,996.26,75.42,-9.56,,,,,,,,
10.21,996.26,75.31,-12.07,,,,,,,,
10.22,998.51,75.19,-11.57,,,,,,,,
10.23,998.51,75.08,-13.08,,,,,,,,
10.24,998.51,74.97,-10.56,,,,,,,,
10.25,998.51,74.86,-9.05,,,,,,,,
10.26,998.51,74.76,-10.56,,,,,,,,
10.26,998.51,74.76,-10.56,,,,,,,,
10.27,1000.76,74.65,-10.56,,,,,,,,
10.28,1000.76,74.55,-11.06,,,,,,,,
10.29,1000.76,74.44,-9.56,,,,,,,,
10.3,1000.76,74.34,-11.57,,,,,,,,
10.31,1000.76,74.24,-8.55,,,,,,,,
10.32,1003.76,74.14,-11.06,,,,,,,,
10.33,1003.76,74.04,-9.05,,,,,,,,
10.34,1003.76,73.94,-11.06,,,,,,,,
10.35,1003.76,73.84,-8.55,,,,,,,,
10.36,1003.76,73.74,-10.06,,,,,,,,
10.37,1008.46,73.65,-10.06,,,,,,,,
10.38,1008.46,73.55,-9.05,,,,,,,,
10.39,1008.46,73.45,-9.56,,,,,,,,
10.4,1008.46,73.35,-10.06,,,,,,,,
10.41,1008.46,73.25,-10.56,,,,,,,,
10.42,1010.61,73.15,-10.56,,,,,,,,
10.43,1010.61,73.04,-10.06,,,,,,,,
10.44,1010.61,72.94,-11.57,,,,,,,,
10.45,1010.61,72.83,-9.56,,,,,,,,
10.46,1010.61,72.72,-11.06,,,,,,,,
10.47,1016.16,72.61,-11.57,,,,,,,,
10.48,1016.16,72.5,-12.07,,,,,,,,
10.49,1016.16,72.39,-11.06,,,,,,,,
10.5,1016.16,72.28,-10.56,,,,,,,,
10.51,1016.16,72.17,-10.56,,,,,,,,
10.52,1017.1,72.06,-10.56,,,,,,,,
10.53,1017.1,71.96,-10.56,,,,,,,,
10.54,1017.1,71.85,-11.06,,,,,,,,
10.55,1017.1,71.74,-11.06,,,,,,,,
10.56,1017.1,71.63,-11.06,,,,,,,,
10.57,1021.89,71.53,-10.06,,,,,,,,
10.58,1021.89,71.42,-10.56,,,,,,,,
10.58,1021.89,71.42,-10.56,,,,,,,,
10.59,1021.89,71.31,-10.56,,,,,,,,
10.6,1021.89,71.2,-11.57,,,,,,,,
10.61,1021.89,71.1,-11.57,,,,,,,,
10.62,1022.92,70.99,-9.56,,,,,,,,
10.63,1022.92,70.89,-8.55,,,,,,,,
10.64,1022.92,70.79,-11.06,,,,,,,,
10.65,1022.92,70.68,-10.56,,,,,,,,
10.66,1022.92,70.58,-10.56,,,,,,,,
10.67,1025.84,70.48,-10.56,,,,,,,,
10.68,1025.84,70.37,-9.56,,,,,,,,
10.69,1025.84,70.27,-11.06,,,,,,,,
10.7,1025.84,70.17,-10.06,,,,,,,,
10.71,1025.84,70.06,-10.06,,,,,,,,
10.72,1028.94,69.96,-10.06,,,,,,,,
10.73,1028.94,69.86,-11.57,,,,,,,,
10.74,1028.94,69.75,-10.06,,,,,,,,
10.75,1028.94,69.65,-8.55,,,,,,,,
10.76,1028.94,69.55,-11.57,,,,,,,,
10.77,1032.14,69.45,-10.56,,,,,,,,
10.78,1032.14,69.34,-10.06,,,,,,,,
10.79,1032.14,69.24,-10.56,,,,,,,,
10.8,1032.14,69.13,-10.56,,,,,,,,
10.81,1032.14,69.03,-10.56,,,,,,,,
10.82,1033.17,68.92,-11.06,,,,,,,,
10.83,1033.17,68.82,-10.06,,,,,,,,
10.84,1033.17,68.71,-10.06,,,,,,,,
10.85,1033.17,68.61,-10.56,,,,,,,,
10.86,1033.17,68.5,-10.06,,,,,,,,
10.87,1038.63,68.4,-10.56,,,,,,,,
10.88,1038.63,68.29,-11.06,,,,,,,,
10.89,1038.63,68.18,-11.06,,,,,,,,
10.9,1038.63,68.08,-11.57,,,,,,,,
10.9,1038.63,68.08,-11.57,,,,,,,,
10.91,1038.63,67.97,-9.56,,,,,,,,
10.92,1040.24,67.86,-10.56,,,,,,,,
10.93,1040.24,67.75,-10.56,,,,,,,,
10.94,1040.24,67.64,-11.06,,,,,,,,
10.94,1040.24,67.64,-11.06,,,,,,,,
10.94,1040.24,67.64,-11.06,,,,,,,,
10.94,1040.24,67.64,-11.06,,,,,,,,
10.94,1040.24,67.64,-11.06,,,,,,,,
10.94,1040.24,67.64,-11.06,,,,,,,,
10.95,1040.24,67.53,-12.07,,,,,,,,
10.96,1040.24,67.42,-11.06,,,,,,,,
10.97,1044.1,67.31,-11.57,,,,,,,,
10.98,1044.1,67.19,-11.57,,,,,,,,
10.99,1044.1,67.08,-11.57,,,,,,,,
11,1044.1,66.97,-10.56,,,,,,,,
11.01,1044.1,66.87,-9.05,,,,,,,,
11.02,1046.83,66.77,-10.56,,,,,,,,
11.03,1046.83,66.66,-10.06,,,,,,,,
11.04,1046.83,66.56,-9.56,,,,,,,,
11.05,1046.83,66.45,-12.07,,,,,,,,
11.06,1046.83,66.34,-12.57,,,,,,,,
11.07,1047.58,66.22,-10.56,,,,,,,,
11.08,1047.58,66.11,-11.06,,,,,,,,
11.09,1047.58,66,-11.06,,,,,,,,
11.1,1047.58,65.88,-12.57,,,,,,,,
11.11,1047.58,65.77,-11.06,,,,,,,,
11.12,1050.69,65.66,-11.57,,,,,,,,
11.13,1050.69,65.55,-10.06,,,,,,,,
11.14,1050.69,65.45,-10.06,,,,,,,,
11.15,1050.69,65.34,-10.06,,,,,,,,
11.16,1050.69,65.24,-10.06,,,,,,,,
11.17,1053.05,65.14,-9.56,,,,,,,,
11.18,1053.05,65.04,-10.56,,,,,,,,
11.19,1053.05,64.94,-10.56,,,,,,,,
11.2,1053.05,64.84,-10.06,,,,,,,,
11.21,1053.05,64.73,-10.06,,,,,,,,
11.22,1055.22,64.63,-11.06,,,,,,,,
11.22,1055.22,64.63,-11.06,,,,,,,,
11.23,1055.22,64.52,-10.06,,,,,,,,
11.24,1055.22,64.42,-10.06,,,,,,,,
11.25,1055.22,64.31,-11.06,,,,,,,,
11.26,1055.22,64.21,-10.56,,,,,,,,
11.27,1057.11,64.1,-10.56,,,,,,,,
11.28,1057.11,63.99,-10.56,,,,,,,,
11.29,1057.11,63.89,-12.07,,,,,,,,
11.3,1057.11,63.78,-10.56,,,,,,,,
11.31,1057.11,63.67,-9.56,,,,,,,,
11.32,1060.97,63.56,-10.56,,,,,,,,
11.33,1060.97,63.46,-12.07,,,,,,,,
11.34,1060.97,63.35,-10.06,,,,,,,,
11.35,1060.97,63.24,-10.56,,,,,,,,
11.36,1060.97,63.14,-11.06,,,,,,,,
11.37,1061.92,63.03,-10.06,,,,,,,,
11.38,1061.92,62.92,-11.57,,,,,,,,
11.39,1061.92,62.82,-10.06,,,,,,,,
11.4,1061.92,62.72,-10.56,,,,,,,,
11.41,1061.92,62.62,-9.05,,,,,,,,
11.42,1065.5,62.52,-9.56,,,,,,,,
11.43,1065.5,62.42,-9.56,,,,,,,,
11.44,1065.5,62.32,-11.06,,,,,,,,
11.45,1065.5,62.22,-9.56,,,,,,,,
11.46,1065.5,62.11,-10.56,,,,,,,,
11.47,1068.62,62.01,-10.06,,,,,,,,
11.48,1068.62,61.9,-11.57,,,,,,,,
11.49,1068.62,61.79,-11.57,,,,,,,,
11.5,1068.62,61.69,-11.06,,,,,,,,
11.51,1068.62,61.58,-9.05,,,,,,,,
11.52,1069.66,61.48,-10.06,,,,,,,,
11.53,1069.66,61.38,-10.06,,,,,,,,
11.54,1069.66,61.28,-9.05,,,,,,,,
11.54,1069.66,61.28,-9.05,,,,,,,,
11.55,1069.66,61.17,-11.57,,,,,,,,
11.56,1069.66,61.07,-11.06,,,,,,,,
11.57,1073.25,60.96,-10.56,,,,,,,,
11.58,1073.25,60.86,-9.56,,,,,,,,
11.59,1073.25,60.75,-11.06,,,,,,,,
11.6,1073.25,60.65,-10.56,,,,,,,,
11.61,1073.25,60.54,-11.06,,,,,,,,
11.62,1075.71,60.44,-10.56,,,,,,,,
11.63,1075.71,60.33,-9.56,,,,,,,,
11.64,1075.71,60.22,-11.57,,,,,,,,
11.65,1075.71,60.12,-10.06,,,,,,,,
11.66,1075.71,60.01,-11.06,,,,,,,,
11.67,1077.5,59.91,-10.06,,,,,,,,
11.68,1077.5,59.8,-10.56,,,,,,,,
11.69,1077.5,59.69,-11.06,,,,,,,,
11.7,1077.5,59.58,-11.06,,,,,,,,
11.71,1077.5,59.48,-11.06,,,,,,,,
11.72,1080.72,59.37,-10.06,,,,,,,,
11.73,1080.72,59.27,-11.06,,,,,,,,
11.74,1080.72,59.16,-9.05,,,,,,,,
11.75,1080.72,59.06,-10.06,,,,,,,,
11.76,1080.72,58.96,-11.06,,,,,,,,
11.77,1081.28,58.86,-10.06,,,,,,,,
11.78,1081.28,58.75,-9.56,,,,,,,,
11.79,1081.28,58.65,-11.57,,,,,,,,
11.8,1081.28,58.55,-9.56,,,,,,,,
11.81,1081.28,58.45,-9.56,,,,,,,,
11.82,1083.84,58.34,-11.57,,,,,,,,
11.83,1083.84,58.24,-9.56,,,,,,,,
11.84,1083.84,58.14,-10.56,,,,,,,,
11.85,1083.84,58.04,-9.56,,,,,,,,
11.86,1083.84,57.93,-10.56,,,,,,,,
11.86,1083.84,57.93,-10.56,,,,,,,,
11.87,1086.49,57.83,-11.06,,,,,,,,
11.88,1086.49,57.72,-10.06,,,,,,,,
11.89,1086.49,57.61,-12.07,,,,,,,,
11.9,1086.49,57.5,-11.57,,,,,,,,
11.91,1086.49,57.39,-10.56,,,,,,,,
11.92,1088.66,57.28,-11.57,,,,,,,,
11.93,1088.66,57.17,-10.56,,,,,,,,
11.94,1088.66,57.07,-8.55,,,,,,,,
11.94,1088.66,57.07,-8.55,,,,,,,,
11.94,1088.66,57.07,-8.55,,,,,,,,
11.94,1088.66,57.07,-8.55,,,,,,,,
11.94,1088.66,57.07,-8.55,,,,,,,,
11.94,1088.66,57.07,-8.55,,,,,,,,
11.95,1088.66,56.96,-11.06,,,,,,,,
11.96,1088.66,56.86,-11.57,,,,,,,,
11.97,1091.03,56.76,-9.56,,,,,,,,
11.98,1091.03,56.66,-10.06,,,,,,,,
11.99,1091.03,56.56,-10.06,,,,,,,,
12,1091.03,56.46,-8.55,,,,,,,,
12.01,1091.03,56.37,-9.05,,,,,,,,
12.02,1095.38,56.27,-10.06,,,,,,,,
12.03,1095.38,56.17,-10.06,,,,,,,,
12.04,1095.38,56.07,-10.56,,,,,,,,
12.05,1095.38,55.96,-9.05,,,,,,,,
12.06,1095.38,55.86,-13.58,,,,,,,,
12.07,1096.04,55.75,-10.06,,,,,,,,
12.08,1096.04,55.64,-11.06,,,,,,,,
12.09,1096.04,55.53,-11.06,,,,,,,,
12.1,1096.04,55.42,-10.06,,,,,,,,
12.11,1096.04,55.31,-10.56,,,,,,,,
12.12,1100.02,55.21,-11.57,,,,,,,,
12.13,1100.02,55.11,-10.06,,,,,,,,
12.14,1100.02,55,-9.56,,,,,,,,
12.15,1100.02,54.9,-9.56,,,,,,,,
12.16,1100.02,54.8,-10.56,,,,,,,,
12.17,1101.25,54.69,-12.07,,,,,,,,
12.18,1101.25,54.59,-10.56,,,,,,,,
12.18,1101.25,54.59,-10.56,,,,,,,,
12.19,1101.25,54.49,-9.05,,,,,,,,
12.2,1101.25,54.39,-8.55,,,,,,,,
12.21,1101.25,54.29,-9.56,,,,,,,,
12.22,1101.25,54.2,-10.56,,,,,,,,
12.23,1101.25,54.09,-9.56,,,,,,,,
12.24,1101.25,53.99,-11.57,,,,,,,,
12.25,1101.25,53.88,-11.06,,,,,,,,
12.26,1101.25,53.77,-11.06,,,,,,,,
12.27,1103.24,53.67,-11.06,,,,,,,,
12.28,1103.24,53.56,-9.56,,,,,,,,
12.29,1103.24,53.46,-9.05,,,,,,,,
12.3,1103.24,53.36,-11.06,,,,,,,,
12.31,1103.24,53.26,-9.56,,,,,,,,
12.32,1105.71,53.16,-9.56,,,,,,,,
12.33,1105.71,53.06,-10.56,,,,,,,,
12.34,1105.71,52.96,-9.05,,,,,,,,
12.35,1105.71,52.86,-11.57,,,,,,,,
12.36,1105.71,52.76,-10.06,,,,,,,,
12.37,1108.27,52.65,-10.56,,,,,,,,
12.38,1108.27,52.55,-10.56,,,,,,,,
12.39,1108.27,52.45,-10.06,,,,,,,,
12.4,1108.27,52.35,-9.56,,,,,,,,
12.41,1108.27,52.24,-10.56,,,,,,,,
12.42,1111.11,52.14,-9.56,,,,,,,,
12.43,1111.11,52.04,-10.06,,,,,,,,
12.44,1111.11,51.94,-10.56,,,,,,,,
12.45,1111.11,51.83,-11.06,,,,,,,,
12.46,1111.11,51.73,-10.56,,,,,,,,
12.47,1111.97,51.62,-10.06,,,,,,,,
12.48,1111.97,51.52,-11.06,,,,,,,,
12.49,1111.97,51.41,-10.56,,,,,,,,
12.5,1111.97,51.31,-10.56,,,,,,,,
12.5,1111.97,51.31,-10.56,,,,,,,,
12.51,1111.97,51.2,-9.56,,,,,,,,
12.52,1113.67,51.09,-11.06,,,,,,,,
12.53,1113.67,50.99,-11.06,,,,,,,,
12.54,1113.67,50.88,-11.06,,,,,,,,
12.55,1113.67,50.77,-10.56,,,,,,,,
12.56,1113.67,50.66,-12.07,,,,,,,,
12.57,1116.33,50.56,-9.56,,,,,,,,
12.58,1116.33,50.45,-9.56,,,,,,,,
12.59,1116.33,50.35,-11.06,,,,,,,,
12.6,1116.33,50.25,-10.56,,,,,,,,
12.61,1116.33,50.14,-10.06,,,,,,,,
12.62,1118.51,50.04,-9.56,,,,,,,,
12.63,1118.51,49.94,-9.56,,,,,,,,
12.64,1118.51,49.84,-10.06,,,,,,,,
12.65,1118.51,49.74,-10.56,,,,,,,,
12.66,1118.51,49.64,-10.56,,,,,,,,
12.67,1120.69,49.53,-10.56,,,,,,,,
12.68,1120.69,49.43,-10.56,,,,,,,,
12.69,1120.69,49.32,-11.06,,,,,,,,
12.7,1120.69,49.22,-10.56,,,,,,,,
12.71,1120.69,49.12,-8.55,,,,,,,,
12.72,1121.45,49.01,-11.06,,,,,,,,
12.73,1121.45,48.91,-10.56,,,,,,,,
12.74,1121.45,48.81,-11.06,,,,,,,,
12.75,1121.45,48.7,-9.05,,,,,,,,
12.76,1121.45,48.6,-10.56,,,,,,,,
12.77,1123.26,48.5,-10.56,,,,,,,,
12.78,1123.26,48.4,-10.56,,,,,,,,
12.79,1123.26,48.29,-9.05,,,,,,,,
12.8,1123.26,48.19,-11.06,,,,,,,,
12.81,1123.26,48.09,-10.56,,,,,,,,
12.82,1125.25,47.99,-9.56,,,,,,,,
12.82,1125.25,47.99,-9.56,,,,,,,,
12.83,1125.25,47.89,-10.56,,,,,,,,
12.84,1125.25,47.79,-9.05,,,,,,,,
12.85,1125.25,47.69,-10.56,,,,,,,,
12.86,1125.25,47.59,-9.56,,,,,,,,
12.87,1127.72,47.49,-9.56,,,,,,,,
12.88,1127.72,47.39,-10.06,,,,,,,,
12.89,1127.72,47.29,-11.57,,,,,,,,
12.9,1127.72,47.19,-9.56,,,,,,,,
12.91,1127.72,47.09,-9.05,,,,,,,,
12.92,1128.67,46.99,-9.56,,,,,,,,
12.93,1128.67,46.89,-11.06,,,,,,,,
12.94,1128.67,46.78,-10.56,,,,,,,,
12.94,1128.67,46.78,-10.56,,,,,,,,
12.94,1128.67,46.78,-10.56,,,,,,,,
12.94,1128.67,46.78,-10.56,,,,,,,,
12.94,1128.67,46.78,-10.56,,,,,,,,
12.94,1128.67,46.78,-10.56,,,,,,,,
12.95,1128.67,46.68,-9.56,,,,,,,,
12.96,1128.67,46.58,-10.56,,,,,,,,
12.97,1131.33,46.47,-11.06,,,,,,,,
12.98,1131.33,46.36,-12.07,,,,,,,,
12.99,1131.33,46.25,-10.06,,,,,,,,
13,1131.33,46.14,-11.57,,,,,,,,
13.01,1131.33,46.03,-11.06,,,,,,,,
13.02,1131.81,45.93,-10.06,,,,,,,,
13.03,1131.81,45.83,-9.56,,,,,,,,
13.04,1131.81,45.72,-9.05,,,,,,,,
13.05,1131.81,45.62,-11.06,,,,,,,,
13.06,1131.81,45.52,-10.56,,,,,,,,
13.07,1133.14,45.42,-10.06,,,,,,,,
13.08,1133.14,45.31,-10.56,,,,,,,,
13.09,1133.14,45.21,-10.56,,,,,,,,
13.1,1133.14,45.11,-11.06,,,,,,,,
13.11,1133.14,45,-9.56,,,,,,,,
13.12,1135.89,44.9,-9.05,,,,,,,,
13.13,1135.89,44.8,-11.57,,,,,,,,
13.14,1135.89,44.7,-10.06,,,,,,,,
13.14,1135.89,44.7,-10.06,,,,,,,,
13.15,1135.89,44.59,-10.06,,,,,,,,
13.16,1135.89,44.49,-10.06,,,,,,,,
13.17,1136.94,44.39,-9.56,,,,,,,,
13.18,1136.94,44.29,-10.06,,,,,,,,
13.19,1136.94,44.19,-11.06,,,,,,,,
13.2,1136.94,44.09,-9.56,,,,,,,,
13.21,1136.94,43.99,-10.56,,,,,,,,
13.22,1138.94,43.88,-10.06,,,,,,,,
13.23,1138.94,43.78,-9.56,,,,,,,,
13.24,1138.94,43.68,-11.57,,,,,,,,
13.25,1138.94,43.58,-9.56,,,,,,,,
13.26,1138.94,43.48,-9.05,,,,,,,,
13.27,1138.65,43.38,-10.06,,,,,,,,
13.28,1138.65,43.29,-10.06,,,,,,,,
13.29,1138.65,43.19,-9.56,,,,,,,,
13.3,1138.65,43.09,-10.06,,,,,,,,
13.31,1138.65,42.99,-10.06,,,,,,,,
13.32,1140.46,42.9,-9.05,,,,,,,,
13.33,1140.46,42.8,-9.56,,,,,,,,
13.34,1140.46,42.7,-9.05,,,,,,,,
13.35,1140.46,42.6,-10.56,,,,,,,,
13.36,1140.46,42.5,-10.06,,,,,,,,
13.37,1142.84,42.4,-10.56,,,,,,,,
13.38,1142.84,42.3,-9.56,,,,,,,,
13.39,1142.84,42.2,-10.06,,,,,,,,
13.4,1142.84,42.1,-11.06,,,,,,,,
13.41,1142.84,41.99,-10.06,,,,,,,,
13.42,1143.88,41.89,-10.56,,,,,,,,
13.43,1143.88,41.79,-10.06,,,,,,,,
13.44,1143.88,41.69,-10.06,,,,,,,,
13.45,1143.88,41.59,-10.06,,,,,,,,
13.46,1143.88,41.49,-10.06,,,,,,,,
13.46,1143.88,41.49,-10.06,,,,,,,,
13.47,1145.5,41.39,-9.56,,,,,,,,
13.48,1145.5,41.3,-9.05,,,,,,,,
13.49,1145.5,41.2,-8.05,,,,,,,,
13.5,1145.5,41.1,-10.56,,,,,,,,
13.51,1145.5,41,-11.57,,,,,,,,
13.52,1148.07,40.9,-10.56,,,,,,,,
13.53,1148.07,40.8,-10.06,,,,,,,,
13.54,1148.07,40.7,-9.05,,,,,,,,
13.55,1148.07,40.61,-8.55,,,,,,,,
13.56,1148.07,40.51,-9.05,,,,,,,,
13.57,1149.31,40.41,-10.56,,,,,,,,
13.58,1149.31,40.31,-11.57,,,,,,,,
13.59,1149.31,40.2,-9.56,,,,,,,,
13.6,1149.31,40.1,-11.57,,,,,,,,
13.61,1149.31,39.99,-10.56,,,,,,,,
13.62,1150.93,39.88,-11.06,,,,,,,,
13.63,1150.93,39.77,-10.56,,,,,,,,
13.64,1150.93,39.67,-10.56,,,,,,,,
13.65,1150.93,39.56,-11.06,,,,,,,,
13.66,1150.93,39.46,-9.56,,,,,,,,
13.67,1150.26,39.36,-9.05,,,,,,,,
13.68,1150.26,39.26,-9.56,,,,,,,,
13.69,1150.26,39.16,-11.06,,,,,,,,
13.7,1150.26,39.06,-10.56,,,,,,,,
13.71,1150.26,38.96,-10.56,,,,,,,,
13.72,1152.16,38.85,-9.56,,,,,,,,
13.73,1152.16,38.75,-10.56,,,,,,,,
13.74,1152.16,38.65,-9.05,,,,,,,,
13.75,1152.16,38.55,-10.06,,,,,,,,
13.76,1152.16,38.46,-10.56,,,,,,,,
13.77,1153.88,38.36,-9.56,,,,,,,,
13.78,1153.88,38.26,-10.06,,,,,,,,
13.78,1153.88,38.26,-10.06,,,,,,,,
13.79,1153.88,38.16,-9.05,,,,,,,,
13.8,1153.88,38.06,-9.56,,,,,,,,
13.81,1153.88,37.96,-10.56,,,,,,,,
13.82,1155.4,37.86,-10.56,,,,,,,,
13.83,1155.4,37.75,-11.57,,,,,,,,
13.84,1155.4,37.65,-10.56,,,,,,,,
13.85,1155.4,37.54,-9.05,,,,,,,,
13.86,1155.4,37.44,-11.06,,,,,,,,
13.87,1155.78,37.34,-10.06,,,,,,,,
13.88,1155.78,37.24,-10.06,,,,,,,,
13.89,1155.78,37.13,-10.06,,,,,,,,
13.9,1155.78,37.03,-10.06,,,,,,,,
13.91,1155.78,36.93,-11.06,,,,,,,,
13.92,1157.31,36.82,-11.06,,,,,,,,
13.93,1157.31,36.72,-10.06,,,,,,,,
13.94,1157.31,36.61,-9.56,,,,,,,,
13.95,1157.31,36.51,-10.56,,,,,,,,
13.95,1157.31,36.51,-10.56,,,,,,,,
13.95,1157.31,36.51,-10.56,,,,,,,,
13.95,1157.31,36.51,-10.56,,,,,,,,
13.95,1157.31,36.51,-10.56,,,,,,,,
13.95,1157.31,36.51,-10.56,,,,,,,,
13.96,1157.31,36.41,-11.06,,,,,,,,
13.97,1159.88,36.31,-9.56,,,,,,,,
13.98,1159.88,36.2,-10.56,,,,,,,,
13.99,1159.88,36.1,-9.05,,,,,,,,
14,1159.88,36,-10.56,,,,,,,,
14.01,1159.88,35.9,-10.06,,,,,,,,
14.02,1160.07,35.81,-9.56,,,,,,,,
14.03,1160.07,35.71,-9.05,,,,,,,,
14.04,1160.07,35.6,-11.57,,,,,,,,
14.05,1160.07,35.5,-10.06,,,,,,,,
14.06,1160.07,35.4,-10.06,,,,,,,,
14.07,1161.21,35.3,-10.06,,,,,,,,
14.08,1161.21,35.19,-11.06,,,,,,,,
14.09,1161.21,35.09,-10.06,,,,,,,,
14.1,1161.21,34.98,-10.56,,,,,,,,
14.1,1161.21,34.98,-10.56,,,,,,,,
14.11,1161.21,34.88,-11.06,,,,,,,,
14.12,1162.36,34.77,-10.56,,,,,,,,
14.13,1162.36,34.67,-10.56,,,,,,,,
14.14,1162.36,34.56,-9.56,,,,,,,,
14.15,1162.36,34.46,-10.56,,,,,,,,
14.16,1162.36,34.36,-9.56,,,,,,,,
14.17,1162.55,34.27,-9.05,,,,,,,,
14.18,1162.55,34.17,-10.06,,,,,,,,
14.19,1162.55,34.06,-10.56,,,,,,,,
14.2,1162.55,33.96,-10.56,,,,,,,,
14.21,1162.55,33.85,-11.57,,,,,,,,
14.22,1164.17,33.74,-11.57,,,,,,,,
14.23,1164.17,33.63,-10.56,,,,,,,,
14.24,1164.17,33.53,-10.06,,,,,,,,
14.25,1164.17,33.43,-10.06,,,,,,,,
14.26,1164.17,33.33,-9.05,,,,,,,,
14.27,1166.55,33.23,-10.56,,,,,,,,
14.28,1166.55,33.13,-9.05,,,,,,,,
14.29,1166.55,33.03,-10.06,,,,,,,,
14.3,1166.55,32.93,-11.06,,,,,,,,
14.31,1166.55,32.82,-10.56,,,,,,,,
14.32,1167.12,32.72,-10.56,,,,,,,,
14.33,1167.12,32.62,-9.56,,,,,,,,
14.34,1167.12,32.53,-8.05,,,,,,,,
14.35,1167.12,32.43,-10.06,,,,,,,,
14.36,1167.12,32.33,-10.06,,,,,,,,
14.37,1167.6,32.24,-9.56,,,,,,,,
14.38,1167.6,32.14,-11.06,,,,,,,,
14.39,1167.6,32.03,-9.56,,,,,,,,
14.4,1167.6,31.93,-10.06,,,,,,,,
14.41,1167.6,31.83,-10.06,,,,,,,,
14.42,1168.94,31.73,-10.56,,,,,,,,
14.42,1168.94,31.73,-10.56,,,,,,,,
14.43,1168.94,31.63,-9.56,,,,,,,,
14.44,1168.94,31.53,-10.56,,,,,,,,
14.45,1168.94,31.43,-10.56,,,,,,,,
14.46,1168.94,31.33,-10.06,,,,,,,,
14.47,1170.84,31.23,-9.05,,,,,,,,
14.48,1170.84,31.13,-10.06,,,,,,,,
14.49,1170.84,31.04,-9.05,,,,,,,,
14.5,1170.84,30.94,-9.05,,,,,,,,
14.51,1170.84,30.85,-9.56,,,,,,,,
14.52,1169.7,30.76,-8.05,,,,,,,,
14.53,1169.7,30.66,-9.56,,,,,,,,
14.54,1169.7,30.56,-12.07,,,,,,,,
14.55,1169.7,30.46,-10.06,,,,,,,,
14.56,1169.7,30.35,-10.06,,,,,,,,
14.57,1171.51,30.25,-10.56,,,,,,,,
14.58,1171.51,30.14,-11.57,,,,,,,,
14.59,1171.51,30.03,-10.56,,,,,,,,
14.6,1171.51,29.93,-10.56,,,,,,,,
14.61,1171.51,29.82,-10.56,,,,,,,,
14.62,1172.94,29.71,-11.06,,,,,,,,
14.63,1172.94,29.61,-10.06,,,,,,,,
14.64,1172.94,29.51,-9.56,,,,,,,,
14.65,1172.94,29.41,-10.56,,,,,,,,
14.66,1172.94,29.31,-8.55,,,,,,,,
14.67,1172.47,29.21,-10.56,,,,,,,,
14.68,1172.47,29.11,-10.56,,,,,,,,
14.69,1172.47,29,-11.57,,,,,,,,
14.7,1172.47,28.9,-10.06,,,,,,,,
14.71,1172.47,28.8,-9.56,,,,,,,,
14.72,1171.99,28.7,-8.55,,,,,,,,
14.73,1171.99,28.6,-10.06,,,,,,,,
14.74,1171.99,28.5,-10.56,,,,,,,,
14.74,1171.99,28.5,-10.56,,,,,,,,
14.75,1171.99,28.4,-10.06,,,,,,,,
14.76,1171.99,28.3,-10.56,,,,,,,,
14.77,1174.76,28.2,-10.06,,,,,,,,
14.78,1174.76,28.1,-10.06,,,,,,,,
14.79,1174.76,27.99,-11.06,,,,,,,,
14.8,1174.76,27.89,-9.56,,,,,,,,
14.81,1174.76,27.79,-10.06,,,,,,,,
14.82,1174.47,27.69,-10.56,,,,,,,,
14.83,1174.47,27.6,-8.05,,,,,,,,
14.84,1174.47,27.5,-10.06,,,,,,,,
14.85,1174.47,27.4,-9.56,,,,,,,,
14.86,1174.47,27.31,-9.05,,,,,,,,
14.87,1175.81,27.21,-11.57,,,,,,,,
14.88,1175.81,27.11,-9.56,,,,,,,,
14.89,1175.81,27.01,-9.05,,,,,,,,
14.9,1175.81,26.91,-10.56,,,,,,,,
14.91,1175.81,26.81,-10.06,,,,,,,,
14.92,1177.05,26.7,-11.06,,,,,,,,
14.93,1177.05,26.6,-10.06,,,,,,,,
14.94,1177.05,26.5,-9.56,,,,,,,,
14.94,1177.05,26.5,-9.56,,,,,,,,
14.94,1177.05,26.5,-9.56,,,,,,,,
14.94,1177.05,26.5,-9.56,,,,,,,,
14.94,1177.05,26.5,-9.56,,,,,,,,
14.94,1177.05,26.5,-9.56,,,,,,,,
14.95,1177.05,26.39,-10.56,,,,,,,,
14.96,1177.05,26.28,-11.57,,,,,,,,
14.97,1178.67,26.17,-12.07,,,,,,,,
14.98,1178.67,26.06,-10.06,,,,,,,,
14.99,1178.67,25.95,-11.57,,,,,,,,
15,1178.67,25.85,-10.06,,,,,,,,
15.01,1178.67,25.74,-11.57,,,,,,,,
15.02,1177.91,25.63,-9.56,,,,,,,,
15.03,1177.91,25.53,-10.56,,,,,,,,
15.04,1177.91,25.42,-11.57,,,,,,,,
15.05,1177.91,25.32,-9.56,,,,,,,,
15.06,1177.91,25.21,-11.57,,,,,,,,
15.06,1177.91,25.21,-11.57,,,,,,,,
15.07,1177.91,25.11,-9.56,,,,,,,,
15.08,1177.91,25,-10.06,,,,,,,,
15.09,1177.91,24.9,-10.06,,,,,,,,
15.1,1177.91,24.8,-10.56,,,,,,,,
15.11,1177.91,24.7,-10.56,,,,,,,,
15.12,1179.91,24.6,-10.06,,,,,,,,
15.13,1179.91,24.5,-10.06,,,,,,,,
15.14,1179.91,24.4,-8.05,,,,,,,,
15.15,1179.91,24.3,-10.56,,,,,,,,
15.16,1179.91,24.21,-9.05,,,,,,,,
15.17,1181.15,24.11,-9.56,,,,,,,,
15.18,1181.15,24,-12.07,,,,,,,,
15.19,1181.15,23.9,-10.56,,,,,,,,
15.2,1181.15,23.79,-10.56,,,,,,,,
15.21,1181.15,23.69,-10.56,,,,,,,,
15.22,1180.01,23.58,-10.06,,,,,,,,
15.23,1180.01,23.48,-11.06,,,,,,,,
15.24,1180.01,23.37,-10.56,,,,,,,,
15.25,1180.01,23.27,-9.05,,,,,,,,
15.26,1180.01,23.17,-10.06,,,,,,,,
15.27,1181.73,23.07,-9.56,,,,,,,,
15.28,1181.73,22.98,-10.56,,,,,,,,
15.29,1181.73,22.88,-9.05,,,,,,,,
15.3,1181.73,22.78,-10.06,,,,,,,,
15.31,1181.73,22.68,-10.06,,,,,,,,
15.32,1181.53,22.58,-10.06,,,,,,,,
15.33,1181.53,22.48,-10.06,,,,,,,,
15.34,1181.53,22.38,-9.56,,,,,,,,
15.35,1181.53,22.29,-9.56,,,,,,,,
15.36,1181.53,22.19,-9.05,,,,,,,,
15.37,1181.82,22.09,-10.06,,,,,,,,
15.38,1181.82,22,-10.56,,,,,,,,
15.38,1181.82,22,-10.56,,,,,,,,
15.39,1181.82,21.9,-9.56,,,,,,,,
15.4,1181.82,21.8,-9.56,,,,,,,,
15.41,1181.82,21.7,-9.56,,,,,,,,
15.42,1182.87,21.6,-9.56,,,,,,,,
15.43,1182.87,21.5,-10.06,,,,,,,,
15.44,1182.87,21.4,-12.07,,,,,,,,
15.45,1182.87,21.29,-10.06,,,,,,,,
15.46,1182.87,21.19,-10.06,,,,,,,,
15.47,1183.25,21.09,-10.56,,,,,,,,
15.48,1183.25,20.98,-10.06,,,,,,,,
15.49,1183.25,20.88,-9.56,,,,,,,,
15.5,1183.25,20.78,-10.56,,,,,,,,
15.51,1183.25,20.68,-10.56,,,,,,,,
15.52,1184.69,20.58,-9.05,,,,,,,,
15.53,1184.69,20.48,-12.07,,,,,,,,
15.54,1184.69,20.38,-8.55,,,,,,,,
15.55,1184.69,20.27,-9.56,,,,,,,,
15.56,1184.69,20.17,-11.06,,,,,,,,
15.57,1183.25,20.07,-9.56,,,,,,,,
15.58,1183.25,19.97,-11.06,,,,,,,,
15.59,1183.25,19.86,-10.56,,,,,,,,
15.6,1183.25,19.75,-11.57,,,,,,,,
15.61,1183.25,19.65,-10.06,,,,,,,,
15.62,1185.26,19.54,-11.06,,,,,,,,
15.63,1185.26,19.43,-10.06,,,,,,,,
15.64,1185.26,19.33,-11.06,,,,,,,,
15.65,1185.26,19.23,-10.06,,,,,,,,
15.66,1185.26,19.13,-9.05,,,,,,,,
15.67,1183.83,19.02,-10.06,,,,,,,,
15.68,1183.83,18.92,-11.06,,,,,,,,
15.69,1183.83,18.82,-10.06,,,,,,,,
15.7,1183.83,18.72,-10.06,,,,,,,,
15.7,1183.83,18.72,-10.06,,,,,,,,
15.71,1183.83,18.62,-9.56,,,,,,,,
15.72,1184.3,18.53,-9.05,,,,,,,,
15.73,1184.3,18.43,-10.06,,,,,,,,
15.74,1184.3,18.33,-10.06,,,,,,,,
15.75,1184.3,18.23,-9.05,,,,,,,,
15.76,1184.3,18.13,-10.56,,,,,,,,
15.77,1184.78,18.03,-10.56,,,,,,,,
15.78,1184.78,17.93,-10.06,,,,,,,,
15.79,1184.78,17.83,-10.06,,,,,,,,
15.8,1184.78,17.73,-10.06,,,,,,,,
15.81,1184.78,17.64,-8.55,,,,,,,,
15.82,1185.74,17.54,-10.06,,,,,,,,
15.83,1185.74,17.44,-8.55,,,,,,,,
15.84,1185.74,17.34,-11.57,,,,,,,,
15.85,1185.74,17.24,-9.56,,,,,,,,
15.86,1185.74,17.14,-10.56,,,,,,,,
15.87,1184.5,17.04,-10.06,,,,,,,,
15.88,1184.5,16.93,-10.06,,,,,,,,
15.89,1184.5,16.83,-11.57,,,,,,,,
15.9,1184.5,16.72,-9.56,,,,,,,,
15.91,1184.5,16.62,-11.06,,,,,,,,
15.92,1185.64,16.51,-11.57,,,,,,,,
15.93,1185.64,16.4,-10.56,,,,,,,,
15.94,1185.64,16.3,-9.56,,,,,,,,
15.95,1185.64,16.19,-11.06,,,,,,,,
15.96,1185.64,16.09,-10.56,,,,,,,,
15.96,1185.64,16.09,-10.56,,,,,,,,
15.96,1185.64,16.09,-10.56,,,,,,,,
15.96,1185.64,16.09,-10.56,,,,,,,,
15.96,1185.64,16.09,-10.56,,,,,,,,
15.96,1185.64,16.09,-10.56,,,,,,,,
15.97,1186.79,15.98,-9.56,,,,,,,,
15.98,1186.79,15.88,-10.06,,,,,,,,
15.99,1186.79,15.77,-12.07,,,,,,,,
16,1186.79,15.66,-10.56,,,,,,,,
16.01,1186.79,15.55,-11.06,,,,,,,,
16.02,1186.88,15.45,-11.57,,,,,,,,
16.02,1186.88,15.45,-11.57,,,,,,,,
16.03,1186.88,15.34,-9.56,,,,,,,,
16.04,1186.88,15.23,-11.06,,,,,,,,
16.05,1186.88,15.13,-10.56,,,,,,,,
16.06,1186.88,15.03,-9.05,,,,,,,,
16.07,1187.74,14.93,-10.06,,,,,,,,
16.08,1187.74,14.84,-9.05,,,,,,,,
16.09,1187.74,14.74,-9.05,,,,,,,,
16.1,1187.74,14.65,-10.56,,,,,,,,
16.11,1187.74,14.55,-9.56,,,,,,,,
16.12,1187.55,14.45,-9.56,,,,,,,,
16.13,1187.55,14.35,-9.05,,,,,,,,
16.14,1187.55,14.25,-10.56,,,,,,,,
16.15,1187.55,14.15,-10.56,,,,,,,,
16.16,1187.55,14.04,-11.57,,,,,,,,
16.17,1185.36,13.94,-10.56,,,,,,,,
16.18,1185.36,13.86,-8.55,,,,,,,,
16.19,1185.36,13.83,-12.07,,,,,,,,
16.2,1185.36,13.88,-11.57,,,,,,,,
16.21,1185.36,14.02,27.16,,,,,,,,
16.22,1187.36,14.2,77.45,,,,,,,,
16.23,1187.36,14.38,22.63,,,,,,,,
16.24,1187.36,14.5,-7.04,,,,,,,,
16.25,1187.36,14.52,-28.67,,,,,,,,
16.26,1187.36,14.47,-7.54,,,,,,,,
16.27,1184.69,14.37,-7.54,,,,,,,,
16.28,1184.69,14.29,-10.56,,,,,,,,
16.28,1184.69,14.29,-10.56,,,,,,,,
16.29,1184.69,8.64,-12.57,,,,,,,,
16.34,1184.69,8.64,-12.57,,,,,,,,
16.39,1194.44,7.91,-11.57,,,,,,,,
16.49,1198.26,7.07,-12.57,,,,,,,,
16.59,1195.58,6.11,-12.57,,,,,,,,
16.66,1195.58,6.11,-12.57,,,,,,,,
16.69,1195.77,5.04,-12.57,,,,,,,,
16.79,1197.02,3.84,-11.06,,,,,,,,
16.89,1197.5,2.53,-11.06,,,,,,,,
16.94,1197.5,2.53,-11.06,,,,,,,,
16.94,1197.5,2.53,-11.06,,,,,,,,
16.94,1197.5,2.53,-11.06,,,,,,,,
16.94,1197.5,2.53,-11.06,,,,,,,,
16.94,1197.5,2.53,-11.06,,,,,,,,
16.98,1197.5,2.53,-11.06,,,,,,,,
16.99,1198.93,1.13,-10.56,,,,,,,,
17.09,1199.79,-0.33,-10.06,,,,,,,,
17.19,1204.38,-1.86,-36.21,,,,,,,,
17.29,1202.95,-3.41,-29.67,,,,,,,,
17.3,1202.95,-3.41,-29.67,,,,,,,,
17.39,1195.49,-4.91,-28.67,,,,,,,,
17.49,1198.07,-6.39,-30.68,,,,,,,,
17.59,1202.09,-7.85,-32.19,,,,,,,,
17.62,1202.09,-7.85,-32.19,,,,,,,,
17.69,1206.49,-9.26,-26.65,,,,,,,,
17.79,1190.13,-10.63,-17.6,,,,,,,,
17.89,1186.41,-11.89,-21.12,,,,,,,,
17.94,1186.41,-11.89,-21.12,,,,,,,,
17.94,1186.41,-11.89,-21.12,,,,,,,,
17.94,1186.41,-11.89,-21.12,,,,,,,,
17.94,1186.41,-11.89,-21.12,,,,,,,,
17.94,1186.41,-11.89,-21.12,,,,,,,,
17.94,1186.41,-11.89,-21.12,,,,,,,,
17.99,1195.1,-13.04,-19.61,,,,,,,,
18.09,1192.14,-14.06,-21.12,,,,,,,,
18.19,1183.92,-15.03,-18.1,,,,,,,,
18.26,1183.92,-15.03,-18.1,,,,,,,,
18.29,1182.39,-15.92,-17.6,,,,,,,,
18.39,1184.88,-16.64,-19.61,,,,,,,,
18.49,1183.64,-17.26,-15.59,,,,,,,,
18.58,1183.64,-17.26,-15.59,,,,,,,,
18.59,1180.77,-17.82,-12.07,,,,,,,,
18.69,1180.1,-18.31,-10.06,,,,,,,,
18.79,1176.38,-18.76,-8.55,,,,,,,,
18.89,1171.99,-19.18,-10.56,,,,,,,,
18.9,1171.99,-19.18,-10.56,,,,,,,,
18.96,1171.99,-19.18,-10.56,,,,,,,,
18.96,1171.99,-19.18,-10.56,,,,,,,,
18.96,1171.99,-19.18,-10.56,,,,,,,,
18.96,1171.99,-19.18,-10.56,,,,,,,,
18.96,1171.99,-19.18,-10.56,,,,,,,,
18.99,1171.51,-19.57,-17.1,,,,,,,,
19.09,1172.37,-19.9,-11.06,,,,,,,,
19.19,1167.32,-20.2,-11.57,,,,,,,,
19.22,1167.32,-20.2,-11.57,,,,,,,,
19.29,1167.41,-20.48,-19.11,,,,,,,,
19.39,1173.99,-20.81,-16.6,,,,,,,,
19.49,1168.36,-21.09,-14.58,,,,,,,,
19.54,1168.36,-21.09,-14.58,,,,,,,,
19.59,1160.83,-21.33,-16.6,,,,,,,,
19.69,1156.93,-21.49,-17.6,,,,,,,,
19.79,1151.31,-21.67,-12.57,,,,,,,,
19.86,1151.31,-21.67,-12.57,,,,,,,,
19.89,1151.88,-21.78,-16.09,,,,,,,,
19.94,1151.88,-21.78,-16.09,,,,,,,,
19.94,1151.88,-21.78,-16.09,,,,,,,,
19.94,1151.88,-21.78,-16.09,,,,,,,,
19.94,1151.88,-21.78,-16.09,,,,,,,,
19.94,1151.88,-21.78,-16.09,,,,,,,,
19.99,1153.59,-21.84,-19.61,,,,,,,,
20.09,1152.45,-21.89,-16.09,,,,,,,,
20.18,1152.45,-21.89,-16.09,,,,,,,,
20.19,1144.36,-21.97,-14.58,,,,,,,,
20.29,1139.79,-22.01,-11.06,,,,,,,,
20.39,1144.26,-22.03,-13.58,,,,,,,,
20.49,1143.31,-22.03,-14.08,,,,,,,,
20.5,1143.31,-22.03,-14.08,,,,,,,,
20.59,1141.5,-22.05,-15.09,,,,,,,,
20.69,1137.61,-22.08,-17.6,,,,,,,,
20.79,1133.61,-22.14,-18.1,,,,,,,,
20.82,1133.61,-22.14,-18.1,,,,,,,,
20.89,1127.72,-22.24,-16.09,,,,,,,,
20.94,1127.72,-22.24,-16.09,,,,,,,,
20.94,1127.72,-22.24,-16.09,,,,,,,,
20.94,1127.72,-22.24,-16.09,,,,,,,,
20.94,1127.72,-22.24,-16.09,,,,,,,,
20.94,1127.72,-22.24,-16.09,,,,,,,,
20.99,1125.54,-22.37,-18.61,,,,,,,,
21.09,1127.34,-22.49,-17.6,,,,,,,,
21.14,1127.34,-22.49,-17.6,,,,,,,,
21.19,1125.25,-22.69,-16.09,,,,,,,,
21.29,1123.16,-22.91,-14.58,,,,,,,,
21.39,1117.85,-23.14,-19.61,,,,,,,,
21.46,1117.85,-23.14,-19.61,,,,,,,,
21.49,1116.8,-23.45,-16.09,,,,,,,,
21.59,1115.76,-23.82,-11.06,,,,,,,,
21.69,1120.22,-24.19,-13.58,,,,,,,,
21.78,1120.22,-24.19,-13.58,,,,,,,,
21.79,1121.74,-24.52,-16.09,,,,,,,,
21.89,1119.08,-24.81,-17.1,,,,,,,,
21.94,1119.08,-24.81,-17.1,,,,,,,,
21.94,1119.08,-24.81,-17.1,,,,,,,,
21.94,1119.08,-24.81,-17.1,,,,,,,,
21.94,1119.08,-24.81,-17.1,,,,,,,,
21.94,1119.08,-24.81,-17.1,,,,,,,,
21.99,1107.03,-25.06,-13.58,,,,,,,,
22.09,1102.68,-25.29,-13.58,,,,,,,,
22.1,1102.68,-25.29,-13.58,,,,,,,,
22.19,1098.41,-25.53,-19.61,,,,,,,,
22.29,1096.14,-25.75,-14.58,,,,,,,,
22.39,1092.54,-25.89,-12.57,,,,,,,,
22.42,1092.54,-25.89,-12.57,,,,,,,,
22.49,1092.73,-25.94,-12.57,,,,,,,,
22.59,1090.36,-25.98,-13.08,,,,,,,,
22.69,1087.15,-26.02,-15.09,,,,,,,,
22.74,1087.15,-26.02,-15.09,,,,,,,,
22.79,1086.01,-26.05,-14.08,,,,,,,,
22.89,1081.57,-26.1,-15.09,,,,,,,,
22.93,1081.57,-26.1,-15.09,,,,,,,,
22.93,1081.57,-26.1,-15.09,,,,,,,,
22.93,1081.57,-26.1,-15.09,,,,,,,,
22.93,1081.57,-26.1,-15.09,,,,,,,,
22.93,1081.57,-26.1,-15.09,,,,,,,,
22.99,1080.24,-26.13,-13.58,,,,,,,,
23.06,1080.24,-26.13,-13.58,,,,,,,,
23.09,1079.77,-26.15,-13.58,,,,,,,,
23.19,1074.86,-26.18,-15.09,,,,,,,,
23.29,1071.74,-26.23,-17.1,,,,,,,,
23.38,1071.74,-26.23,-17.1,,,,,,,,
23.39,1067.68,-26.31,-17.6,,,,,,,,
23.49,1063.33,-26.42,-13.58,,,,,,,,
23.59,1062.3,-26.54,-20.12,,,,,,,,
23.69,1063.52,-26.68,-16.09,,,,,,,,
23.7,1063.52,-26.68,-16.09,,,,,,,,
23.79,1065.6,-26.85,-17.6,,,,,,,,
23.89,1063.71,-27.07,-17.1,,,,,,,,
23.95,1063.71,-27.07,-17.1,,,,,,,,
23.95,1063.71,-27.07,-17.1,,,,,,,,
23.95,1063.71,-27.07,-17.1,,,,,,,,
23.95,1063.71,-27.07,-17.1,,,,,,,,
23.95,1063.71,-27.07,-17.1,,,,,,,,
23.99,1056.54,-27.37,-13.58,,,,,,,,
24.02,1056.54,-27.37,-13.58,,,,,,,,
24.09,1051.92,-27.67,-13.58,,,,,,,,
24.19,1048.05,-28,-14.58,,,,,,,,
24.29,1043.81,-28.31,-11.06,,,,,,,,
24.34,1043.81,-28.31,-11.06,,,,,,,,
24.39,1041.93,-28.6,-15.09,,,,,,,,
24.49,1045.42,-28.86,-12.57,,,,,,,,
24.59,1039.29,-29.1,-16.09,,,,,,,,
24.66,1039.29,-29.1,-16.09,,,,,,,,
24.69,1034.12,-29.33,-14.58,,,,,,,,
24.79,1030.35,-29.52,-12.07,,,,,,,,
24.89,1024.33,-29.69,-10.56,,,,,,,,
24.93,1024.33,-29.69,-10.56,,,,,,,,
24.93,1024.33,-29.69,-10.56,,,,,,,,
24.93,1024.33,-29.69,-10.56,,,,,,,,
24.93,1024.33,-29.69,-10.56,,,,,,,,
24.93,1024.33,-29.69,-10.56,,,,,,,,
24.98,1024.33,-29.69,-10.56,,,,,,,,
24.99,1024.14,-29.78,-11.06,,,,,,,,
25.09,1020.48,-29.84,-14.58,,,,,,,,
25.19,1020.57,-29.91,-15.59,,,,,,,,
25.29,1016.72,-29.96,-12.07,,,,,,,,
25.3,1016.72,-29.96,-12.07,,,,,,,,
25.39,1015.31,-30,-16.6,,,,,,,,
25.49,1011.37,-30,-15.09,,,,,,,,
25.59,1009.86,-29.95,-17.6,,,,,,,,
25.62,1009.86,-29.95,-17.6,,,,,,,,
25.69,1004.33,-29.85,-17.6,,,,,,,,
25.79,1000.29,-29.75,-19.61,,,,,,,,
25.89,997.01,-29.67,-15.09,,,,,,,,
25.94,997.01,-29.67,-15.09,,,,,,,,
25.98,997.01,-29.67,-15.09,,,,,,,,
25.98,997.01,-29.67,-15.09,,,,,,,,
25.98,997.01,-29.67,-15.09,,,,,,,,
25.98,997.01,-29.67,-15.09,,,,,,,,
25.98,997.01,-29.67,-15.09,,,,,,,,
25.99,996.07,-29.63,-17.1,,,,,,,,
26.09,992.88,-29.62,-13.58,,,,,,,,
26.19,987.45,-29.64,-14.58,,,,,,,,
26.26,987.45,-29.64,-14.58,,,,,,,,
26.29,984.26,-29.66,-12.57,,,,,,,,
26.39,982.95,-29.7,-13.58,,,,,,,,
26.49,980.8,-29.75,-16.6,,,,,,,,
26.58,980.8,-29.75,-16.6,,,,,,,,
26.59,976.03,-29.84,-20.62,,,,,,,,
26.69,973.03,-29.96,-15.09,,,,,,,,
26.79,971.07,-30.1,-17.1,,,,,,,,
26.89,969.29,-30.26,-16.09,,,,,,,,
26.9,969.29,-30.26,-16.09,,,,,,,,
26.96,969.29,-30.26,-16.09,,,,,,,,
26.96,969.29,-30.26,-16.09,,,,,,,,
26.96,969.29,-30.26,-16.09,,,,,,,,
26.96,969.29,-30.26,-16.09,,,,,,,,
26.96,969.29,-30.26,-16.09,,,,,,,,
26.99,972.75,-30.44,-17.1,,,,,,,,
27.09,965.74,-30.62,-15.09,,,,,,,,
27.19,958.54,-30.79,-14.08,,,,,,,,
27.22,958.54,-30.79,-14.08,,,,,,,,
27.29,954.53,-31,-14.58,,,,,,,,
27.39,951.35,-31.19,-13.58,,,,,,,,
27.49,953.03,-31.4,-16.6,,,,,,,,
27.54,953.03,-31.4,-16.6,,,,,,,,
27.59,951.72,-31.59,-15.59,,,,,,,,
27.69,948.36,-31.78,-15.59,,,,,,,,
27.79,941.09,-31.96,-17.1,,,,,,,,
27.86,941.09,-31.96,-17.1,,,,,,,,
27.89,937.36,-32.13,-14.08,,,,,,,,
27.97,937.36,-32.13,-14.08,,,,,,,,
27.97,937.36,-32.13,-14.08,,,,,,,,
27.97,937.36,-32.13,-14.08,,,,,,,,
27.97,937.36,-32.13,-14.08,,,,,,,,
27.97,937.36,-32.13,-14.08,,,,,,,,
27.99,932.79,-32.26,-13.58,,,,,,,,
28.09,927.85,-32.39,-17.6,,,,,,,,
28.18,927.85,-32.39,-17.6,,,,,,,,
28.19,925.71,-32.52,-15.09,,,,,,,,
28.29,924.5,-32.63,-16.6,,,,,,,,
28.39,920.87,-32.69,-16.09,,,,,,,,
28.49,916.03,-32.75,-17.1,,,,,,,,
28.5,916.03,-32.75,-17.1,,,,,,,,
28.59,914.27,-32.79,-15.59,,,,,,,,
28.69,912.87,-32.83,-20.12,,,,,,,,
28.79,911.85,-32.84,-16.6,,,,,,,,
28.82,911.85,-32.84,-16.6,,,,,,,,
28.89,906.36,-32.84,-15.09,,,,,,,,
28.94,906.36,-32.84,-15.09,,,,,,,,
28.94,906.36,-32.84,-15.09,,,,,,,,
28.94,906.36,-32.84,-15.09,,,,,,,,
28.94,906.36,-32.84,-15.09,,,,,,,,
28.94,906.36,-32.84,-15.09,,,,,,,,
28.99,901.44,-32.8,-18.61,,,,,,,,
29.09,900.14,-32.8,-17.6,,,,,,,,
29.14,900.14,-32.8,-17.6,,,,,,,,
29.19,895.12,-32.82,-18.1,,,,,,,,
29.29,890.21,-32.83,-20.62,,,,,,,,
29.39,888.35,-32.82,-19.61,,,,,,,,
29.46,888.35,-32.82,-19.61,,,,,,,,
29.49,884.73,-32.75,-15.09,,,,,,,,
29.59,882.41,-32.66,-21.12,,,,,,,,
29.69,879.45,-32.52,-17.6,,,,,,,,
29.78,879.45,-32.52,-17.6,,,,,,,,
29.79,875.46,-32.44,-16.6,,,,,,,,
29.89,870.74,-32.31,-15.09,,,,,,,,
29.95,870.74,-32.31,-15.09,,,,,,,,
29.95,870.74,-32.31,-15.09,,,,,,,,
29.95,870.74,-32.31,-15.09,,,,,,,,
29.95,870.74,-32.31,-15.09,,,,,,,,
29.95,870.74,-32.31,-15.09,,,,,,,,
29.99,868.89,-32.17,-16.6,,,,,,,,
30.09,863.89,-32.02,-16.6,,,,,,,,
30.1,863.89,-32.02,-16.6,,,,,,,,
30.19,859.08,-31.83,-19.11,,,,,,,,
30.29,858.71,-31.63,-19.61,,,,,,,,
30.39,857.87,-31.42,-26.15,,,,,,,,
30.42,857.87,-31.42,-26.15,,,,,,,,
30.49,851.31,-31.23,-17.6,,,,,,,,
30.59,851.31,-31.07,-18.1,,,,,,,,
30.69,846.97,-30.92,-16.09,,,,,,,,
30.74,846.97,-30.92,-16.09,,,,,,,,
30.79,843.92,-30.76,-18.61,,,,,,,,
30.89,840.32,-30.65,-16.6,,,,,,,,
30.93,840.32,-30.65,-16.6,,,,,,,,
30.93,840.32,-30.65,-16.6,,,,,,,,
30.93,840.32,-30.65,-16.6,,,,,,,,
30.93,840.32,-30.65,-16.6,,,,,,,,
30.93,840.32,-30.65,-16.6,,,,,,,,
30.99,837.27,-30.57,-17.6,,,,,,,,
31.06,837.27,-30.57,-17.6,,,,,,,,
31.09,832.1,-30.51,-16.6,,,,,,,,
31.19,828.04,-30.52,-19.11,,,,,,,,
31.29,826.84,-30.58,-20.62,,,,,,,,
31.38,826.84,-30.58,-20.62,,,,,,,,
31.39,824.72,-30.63,-19.61,,,,,,,,
31.49,824.45,-30.73,-17.6,,,,,,,,
31.59,820.11,-30.85,-19.61,,,,,,,,
31.69,823.62,-30.99,-20.62,,,,,,,,
31.7,823.62,-30.99,-20.62,,,,,,,,
31.79,810.72,-31.17,-17.6,,,,,,,,
31.89,812.65,-31.37,-16.09,,,,,,,,
31.94,812.65,-31.37,-16.09,,,,,,,,
31.94,812.65,-31.37,-16.09,,,,,,,,
31.94,812.65,-31.37,-16.09,,,,,,,,
31.94,812.65,-31.37,-16.09,,,,,,,,
31.94,812.65,-31.37,-16.09,,,,,,,,
31.99,807.41,-31.49,-20.12,,,,,,,,
32.02,807.41,-31.49,-20.12,,,,,,,,
32.09,803.72,-31.65,-19.11,,,,,,,,
32.19,803.08,-31.76,-17.6,,,,,,,,
32.29,797.1,-31.83,-16.6,,,,,,,,
32.34,797.1,-31.83,-16.6,,,,,,,,
32.39,794.99,-31.91,-19.11,,,,,,,,
32.49,791.13,-31.99,-13.08,,,,,,,,
32.59,783.96,-32.01,-14.58,,,,,,,,
32.66,783.96,-32.01,-14.58,,,,,,,,
32.69,780.84,-32.04,-13.08,,,,,,,,
32.79,784.7,-32.04,-17.6,,,,,,,,
32.89,779.19,-32.04,-21.62,,,,,,,,
32.91,779.19,-32.04,-21.62,,,,,,,,
32.91,779.19,-32.04,-21.62,,,,,,,,
32.91,779.19,-32.04,-21.62,,,,,,,,
32.91,779.19,-32.04,-21.62,,,,,,,,
32.91,779.19,-32.04,-21.62,,,,,,,,
32.98,779.19,-32.04,-21.62,,,,,,,,
32.99,777.35,-32.06,-18.1,,,,,,,,
33.09,772.77,-32.08,-16.6,,,,,,,,
33.19,765.62,-32.04,-18.1,,,,,,,,
33.29,761.49,-32.03,-14.08,,,,,,,,
33.3,761.49,-32.03,-14.08,,,,,,,,
33.39,762.59,-32.01,-18.61,,,,,,,,
33.49,758.01,-32.01,-17.6,,,,,,,,
33.59,754.62,-32.02,-20.62,,,,,,,,
33.62,754.62,-32.02,-20.62,,,,,,,,
33.69,751.24,-32.01,-19.11,,,,,,,,
33.79,746.66,-32.08,-17.6,,,,,,,,
33.89,743.28,-32.12,-17.1,,,,,,,,
33.94,743.28,-32.12,-17.1,,,,,,,,
33.95,743.28,-32.12,-17.1,,,,,,,,
33.95,743.28,-32.12,-17.1,,,,,,,,
33.95,743.28,-32.12,-17.1,,,,,,,,
33.95,743.28,-32.12,-17.1,,,,,,,,
33.95,743.28,-32.12,-17.1,,,,,,,,
33.99,752.33,-32.21,-21.12,,,,,,,,
34.09,739.89,-32.29,-15.59,,,,,,,,
34.19,743.73,-32.4,-17.6,,,,,,,,
34.26,743.73,-32.4,-17.6,,,,,,,,
34.29,736.97,-32.5,-17.6,,,,,,,,
34.39,727.56,-32.6,-18.61,,,,,,,,
34.49,723.81,-32.69,-19.61,,,,,,,,
34.58,723.81,-32.69,-19.61,,,,,,,,
34.59,724.82,-32.81,-18.1,,,,,,,,
34.69,718.52,-32.85,-21.62,,,,,,,,
34.79,716.79,-32.84,-15.59,,,,,,,,
34.89,710.77,-32.84,-17.1,,,,,,,,
34.9,710.77,-32.84,-17.1,,,,,,,,
34.92,710.77,-32.84,-17.1,,,,,,,,
34.92,710.77,-32.84,-17.1,,,,,,,,
34.92,710.77,-32.84,-17.1,,,,,,,,
34.92,710.77,-32.84,-17.1,,,,,,,,
34.92,710.77,-32.84,-17.1,,,,,,,,
34.99,706.12,-32.84,-13.58,,,,,,,,
35.09,703.57,-32.84,-16.09,,,,,,,,
35.19,711.68,-32.86,-20.12,,,,,,,,
35.22,711.68,-32.86,-20.12,,,,,,,,
35.29,699.56,-32.84,-21.62,,,,,,,,
35.39,697.56,-32.8,-12.57,,,,,,,,
35.49,691.37,-32.71,-18.1,,,,,,,,
35.54,691.37,-32.71,-18.1,,,,,,,,
35.59,691.91,-32.63,-14.58,,,,,,,,
35.69,689,-32.54,-18.61,,,,,,,,
35.79,685.64,-32.47,-16.09,,,,,,,,
35.86,685.64,-32.47,-16.09,,,,,,,,
35.89,682.73,-32.4,-14.08,,,,,,,,
35.95,682.73,-32.4,-14.08,,,,,,,,
35.95,682.73,-32.4,-14.08,,,,,,,,
35.95,682.73,-32.4,-14.08,,,,,,,,
35.95,682.73,-32.4,-14.08,,,,,,,,
35.95,682.73,-32.4,-14.08,,,,,,,,
35.99,674.09,-32.27,-15.59,,,,,,,,
36.09,674.28,-32.22,-17.6,,,,,,,,
36.18,674.28,-32.22,-17.6,,,,,,,,
36.19,667.19,-32.14,-19.61,,,,,,,,
36.29,667.47,-32.11,-18.61,,,,,,,,
36.39,663.47,-32.12,-18.1,,,,,,,,
36.49,661.84,-32.07,-19.61,,,,,,,,
36.5,661.84,-32.07,-19.61,,,,,,,,
36.59,656.03,-32.02,-18.1,,,,,,,,
36.69,660.66,-31.98,-17.1,,,,,,,,
36.79,655.13,-31.93,-17.6,,,,,,,,
36.82,655.13,-31.93,-17.6,,,,,,,,
36.89,649.33,-31.85,-17.6,,,,,,,,
36.93,649.33,-31.85,-17.6,,,,,,,,
36.93,649.33,-31.85,-17.6,,,,,,,,
36.93,649.33,-31.85,-17.6,,,,,,,,
36.93,649.33,-31.85,-17.6,,,,,,,,
36.93,649.33,-31.85,-17.6,,,,,,,,
36.99,642.53,-31.75,-17.6,,,,,,,,
37.09,641.08,-31.61,-15.59,,,,,,,,
37.14,641.08,-31.61,-15.59,,,,,,,,
37.19,634.93,-31.37,-20.12,,,,,,,,
37.29,635.83,-31.17,-14.58,,,,,,,,
37.39,631.13,-30.95,-18.61,,,,,,,,
37.46,631.13,-30.95,-18.61,,,,,,,,
37.49,636.65,-30.67,-15.59,,,,,,,,
37.59,627.51,-30.35,-15.59,,,,,,,,
37.69,624.62,-30.02,-18.1,,,,,,,,
37.78,624.62,-30.02,-18.1,,,,,,,,
37.79,618.56,-29.69,-17.1,,,,,,,,
37.89,615.04,-29.34,-17.1,,,,,,,,
37.95,615.04,-29.34,-17.1,,,,,,,,
37.95,615.04,-29.34,-17.1,,,,,,,,
37.95,615.04,-29.34,-17.1,,,,,,,,
37.95,615.04,-29.34,-17.1,,,,,,,,
37.95,615.04,-29.34,-17.1,,,,,,,,
37.99,612.06,-29.07,-17.1,,,,,,,,
38.09,610.34,-28.83,-20.62,,,,,,,,
38.1,610.34,-28.83,-20.62,,,,,,,,
38.19,606.01,-28.65,-21.12,,,,,,,,
38.29,600.96,-28.39,-19.11,,,,,,,,
38.39,600.69,-28.18,-17.6,,,,,,,,
38.42,600.69,-28.18,-17.6,,,,,,,,
38.49,604.12,-28.05,-22.13,,,,,,,,
38.59,596.99,-28.03,-23.13,,,,,,,,
38.69,591.49,-28.06,-19.61,,,,,,,,
38.74,591.49,-28.06,-19.61,,,,,,,,
38.79,590.23,-28.18,-13.58,,,,,,,,
38.89,590.95,-28.38,-17.1,,,,,,,,
38.93,590.95,-28.38,-17.1,,,,,,,,
38.93,590.95,-28.38,-17.1,,,,,,,,
38.93,590.95,-28.38,-17.1,,,,,,,,
38.93,590.95,-28.38,-17.1,,,,,,,,
38.93,590.95,-28.38,-17.1,,,,,,,,
38.99,587.98,-28.67,-17.6,,,,,,,,
39.06,587.98,-28.67,-17.6,,,,,,,,
39.09,586.36,-29.03,-17.6,,,,,,,,
39.19,586,-29.47,-16.09,,,,,,,,
39.29,581.23,-29.93,-14.58,,,,,,,,
39.38,581.23,-29.93,-14.58,,,,,,,,
39.39,574.3,-30.41,-15.59,,,,,,,,
39.49,579.07,-30.81,-14.08,,,,,,,,
39.59,572.68,-31.12,-13.58,,,,,,,,
39.69,567.01,-31.49,-12.07,,,,,,,,
39.7,567.01,-31.49,-12.07,,,,,,,,
39.79,562.79,-31.86,-12.07,,,,,,,,
39.89,561.89,-32.17,-14.08,,,,,,,,
39.95,561.89,-32.17,-14.08,,,,,,,,
39.95,561.89,-32.17,-14.08,,,,,,,,
39.95,561.89,-32.17,-14.08,,,,,,,,
39.95,561.89,-32.17,-14.08,,,,,,,,
39.95,561.89,-32.17,-14.08,,,,,,,,
39.99,552.46,-32.43,-12.07,,,,,,,,
40.02,552.46,-32.43,-12.07,,,,,,,,
40.09,544.56,-32.57,-16.09,,,,,,,,
40.19,544.39,-32.63,-16.09,,,,,,,,
40.29,557.04,-32.68,-16.09,,,,,,,,
40.34,557.04,-32.68,-16.09,,,,,,,,
40.39,550.93,-32.65,-14.08,,,,,,,,
40.49,539.63,-32.55,-14.58,,,,,,,,
40.59,531.93,-32.45,-15.59,,,,,,,,
40.66,531.93,-32.45,-15.59,,,,,,,,
40.69,528.16,-32.38,-14.58,,,,,,,,
40.79,526.91,-32.29,-18.1,,,,,,,,
40.89,525.93,-32.19,-16.09,,,,,,,,
40.94,525.93,-32.19,-16.09,,,,,,,,
40.94,525.93,-32.19,-16.09,,,,,,,,
40.94,525.93,-32.19,-16.09,,,,,,,,
40.94,525.93,-32.19,-16.09,,,,,,,,
40.94,525.93,-32.19,-16.09,,,,,,,,
40.98,525.93,-32.19,-16.09,,,,,,,,
40.99,521.99,-32.07,-16.09,,,,,,,,
41.09,515.9,-31.99,-17.1,,,,,,,,
41.19,510.63,-31.95,-15.09,,,,,,,,
41.29,508.12,-31.96,-17.6,,,,,,,,
41.3,508.12,-31.96,-17.6,,,,,,,,
41.39,510.54,-31.96,-16.09,,,,,,,,
41.49,515.19,-31.95,-19.11,,,,,,,,
41.59,524.85,-31.98,-16.6,,,,,,,,
41.62,524.85,-31.98,-16.6,,,,,,,,
41.69,503.21,-32.04,-17.1,,,,,,,,
41.79,494.01,-32.08,-13.58,,,,,,,,
41.89,492.94,-32.11,-16.6,,,,,,,,
41.94,492.94,-32.11,-16.6,,,,,,,,
41.95,492.94,-32.11,-16.6,,,,,,,,
41.95,492.94,-32.11,-16.6,,,,,,,,
41.95,492.94,-32.11,-16.6,,,,,,,,
41.95,492.94,-32.11,-16.6,,,,,,,,
41.95,492.94,-32.11,-16.6,,,,,,,,
41.99,487.5,-32.14,-14.08,,,,,,,,
42.09,492.41,-32.15,-18.61,,,,,,,,
42.19,489.46,-32.09,-16.6,,,,,,,,
42.26,489.46,-32.09,-16.6,,,,,,,,
42.29,478.94,-31.93,-17.1,,,,,,,,
42.39,478.05,-31.79,-16.09,,,,,,,,
42.49,472.97,-31.63,-14.08,,,,,,,,
42.58,472.97,-31.63,-14.08,,,,,,,,
42.59,469.67,-31.47,-17.1,,,,,,,,
42.69,462.91,-31.32,-14.58,,,,,,,,
42.79,461.04,-31.15,-19.11,,,,,,,,
42.89,460.86,-30.98,-15.59,,,,,,,,
42.9,460.86,-30.98,-15.59,,,,,,,,
42.93,460.86,-30.98,-15.59,,,,,,,,
42.93,460.86,-30.98,-15.59,,,,,,,,
42.93,460.86,-30.98,-15.59,,,,,,,,
42.93,460.86,-30.98,-15.59,,,,,,,,
42.93,460.86,-30.98,-15.59,,,,,,,,
42.99,462.82,-30.81,-17.1,,,,,,,,
43.09,457.22,-30.7,-15.09,,,,,,,,
43.19,449.48,-30.6,-15.59,,,,,,,,
43.22,449.48,-30.6,-15.59,,,,,,,,
43.29,448.68,-30.55,-18.1,,,,,,,,
43.39,453.3,-30.53,-16.6,,,,,,,,
43.49,447.53,-30.52,-19.61,,,,,,,,
43.54,447.53,-30.52,-19.61,,,,,,,,
43.59,442.11,-30.52,-17.1,,,,,,,,
43.69,438.47,-30.71,-16.09,,,,,,,,
43.79,437.67,-30.96,-17.1,,,,,,,,
43.86,437.67,-30.96,-17.1,,,,,,,,
43.89,429.6,-31.19,-20.12,,,,,,,,
43.93,429.6,-31.19,-20.12,,,,,,,,
43.93,429.6,-31.19,-20.12,,,,,,,,
43.93,429.6,-31.19,-20.12,,,,,,,,
43.93,429.6,-31.19,-20.12,,,,,,,,
43.93,429.6,-31.19,-20.12,,,,,,,,
43.99,430.48,-31.46,-17.1,,,,,,,,
44.09,428.89,-31.69,-17.6,,,,,,,,
44.18,428.89,-31.69,-17.6,,,,,,,,
44.19,423.39,-31.94,-17.1,,,,,,,,
44.29,420.64,-32.19,-15.59,,,,,,,,
44.39,414.71,-32.36,-16.09,,,,,,,,
44.49,419.93,-32.48,-14.58,,,,,,,,
44.5,419.93,-32.48,-14.58,,,,,,,,
44.59,413.11,-32.57,-14.58,,,,,,,,
44.69,404.97,-32.61,-18.1,,,,,,,,
44.79,400.1,-32.53,-17.6,,,,,,,,
44.82,400.1,-32.53,-17.6,,,,,,,,
44.89,397.45,-32.41,-18.1,,,,,,,,
44.92,397.45,-32.41,-18.1,,,,,,,,
44.92,397.45,-32.41,-18.1,,,,,,,,
44.92,397.45,-32.41,-18.1,,,,,,,,
44.92,397.45,-32.41,-18.1,,,,,,,,
44.92,397.45,-32.41,-18.1,,,,,,,,
44.99,396.3,-32.22,-16.6,,,,,,,,
45.09,392.68,-32.03,-19.61,,,,,,,,
45.14,392.68,-32.03,-19.61,,,,,,,,
45.19,392.06,-31.83,-19.11,,,,,,,,
45.29,385.34,-31.58,-20.62,,,,,,,,
45.39,381.72,-31.25,-19.61,,,,,,,,
45.46,381.72,-31.25,-19.61,,,,,,,,
45.49,379.34,-30.95,-19.61,,,,,,,,
45.59,377.66,-30.68,-19.61,,,,,,,,
45.69,371.93,-30.43,-18.1,,,,,,,,
45.78,371.93,-30.43,-18.1,,,,,,,,
45.79,370.08,-30.2,-23.13,,,,,,,,
45.89,369.99,-30.04,-21.12,,,,,,,,
45.93,369.99,-30.04,-21.12,,,,,,,,
45.93,369.99,-30.04,-21.12,,,,,,,,
45.93,369.99,-30.04,-21.12,,,,,,,,
45.93,369.99,-30.04,-21.12,,,,,,,,
45.93,369.99,-30.04,-21.12,,,,,,,,
45.99,364.08,-29.88,-21.62,,,,,,,,
46.09,359.41,-29.76,-20.12,,,,,,,,
46.1,359.41,-29.76,-20.12,,,,,,,,
46.19,355.01,-29.72,-19.11,,,,,,,,
46.29,357.56,-29.72,-18.61,,,,,,,,
46.39,357.65,-29.8,-19.61,,,,,,,,
46.42,357.65,-29.8,-19.61,,,,,,,,
46.49,356.15,-29.87,-14.58,,,,,,,,
46.59,347.53,-30.02,-13.58,,,,,,,,
46.69,346.73,-30.22,-15.59,,,,,,,,
46.74,346.73,-30.22,-15.59,,,,,,,,
46.79,348.85,-30.45,-17.1,,,,,,,,
46.89,339.43,-30.66,-17.1,,,,,,,,
46.94,339.43,-30.66,-17.1,,,,,,,,
46.94,339.43,-30.66,-17.1,,,,,,,,
46.94,339.43,-30.66,-17.1,,,,,,,,
46.94,339.43,-30.66,-17.1,,,,,,,,
46.94,339.43,-30.66,-17.1,,,,,,,,
46.99,333.55,-30.83,-18.61,,,,,,,,
47.06,333.55,-30.83,-18.61,,,,,,,,
47.09,330.47,-31.03,-16.09,,,,,,,,
47.19,327.31,-31.2,-18.61,,,,,,,,
47.29,325.9,-31.37,-21.62,,,,,,,,
47.38,325.9,-31.37,-21.62,,,,,,,,
47.39,328.1,-31.52,-16.6,,,,,,,,
47.49,321.95,-31.63,-15.59,,,,,,,,
47.59,317.65,-31.7,-19.61,,,,,,,,
47.69,313.53,-31.75,-16.6,,,,,,,,
47.7,313.53,-31.75,-16.6,,,,,,,,
47.79,308.97,-31.78,-17.6,,,,,,,,
47.89,306.52,-31.77,-16.6,,,,,,,,
47.93,306.52,-31.77,-16.6,,,,,,,,
47.93,306.52,-31.77,-16.6,,,,,,,,
47.93,306.52,-31.77,-16.6,,,,,,,,
47.93,306.52,-31.77,-16.6,,,,,,,,
47.93,306.52,-31.77,-16.6,,,,,,,,
47.99,305.38,-31.75,-18.1,,,,,,,,
48.02,305.38,-31.75,-18.1,,,,,,,,
48.09,300.91,-31.74,-18.1,,,,,,,,
48.19,296.62,-31.72,-17.6,,,,,,,,
48.29,294.43,-31.68,-18.1,,,,,,,,
48.34,294.43,-31.68,-18.1,,,,,,,,
48.39,288.13,-31.62,-19.11,,,,,,,,
48.49,287.78,-31.55,-16.6,,,,,,,,
48.59,284.19,-31.53,-16.6,,,,,,,,
48.66,284.19,-31.53,-16.6,,,,,,,,
48.69,281.48,-31.47,-16.6,,,,,,,,
48.79,278.86,-31.4,-20.12,,,,,,,,
48.89,278.07,-31.38,-17.6,,,,,,,,
48.93,278.07,-31.38,-17.6,,,,,,,,
48.93,278.07,-31.38,-17.6,,,,,,,,
48.93,278.07,-31.38,-17.6,,,,,,,,
48.93,278.07,-31.38,-17.6,,,,,,,,
48.93,278.07,-31.38,-17.6,,,,,,,,
48.98,278.07,-31.38,-17.6,,,,,,,,
48.99,277.9,-31.38,-16.09,,,,,,,,
49.09,268.9,-31.23,-18.1,,,,,,,,
49.19,266.81,-31.16,-19.61,,,,,,,,
49.29,262.88,-31.08,-19.61,,,,,,,,
49.3,262.88,-31.08,-19.61,,,,,,,,
49.39,259.65,-30.96,-18.1,,,,,,,,
49.49,257.21,-30.86,-20.62,,,,,,,,
49.59,253.55,-30.76,-21.12,,,,,,,,
49.62,253.55,-30.76,-21.12,,,,,,,,
49.69,252.85,-30.68,-18.1,,,,,,,,
49.79,245.27,-30.61,-17.6,,,,,,,,
49.89,243.7,-30.53,-19.61,,,,,,,,
49.92,243.7,-30.53,-19.61,,,,,,,,
49.92,243.7,-30.53,-19.61,,,,,,,,
49.92,243.7,-30.53,-19.61,,,,,,,,
49.92,243.7,-30.53,-19.61,,,,,,,,
49.92,243.7,-30.53,-19.61,,,,,,,,
49.94,243.7,-30.53,-19.61,,,,,,,,
49.99,240.74,-30.43,-22.13,,,,,,,,
50.09,236.21,-30.33,-20.12,,,,,,,,
50.19,233.25,-30.2,-19.11,,,,,,,,
50.26,233.25,-30.2,-19.11,,,,,,,,
50.29,229.07,-30.07,-17.1,,,,,,,,
50.39,228.99,-29.97,-18.1,,,,,,,,
50.49,228.12,-29.83,-18.61,,,,,,,,
50.58,228.12,-29.83,-18.61,,,,,,,,
50.59,223.51,-29.63,-24.14,,,,,,,,
50.69,225.51,-29.42,-19.11,,,,,,,,
50.79,217.69,-29.22,-19.61,,,,,,,,
50.89,214.21,-29,-23.64,,,,,,,,
50.9,214.21,-29,-23.64,,,,,,,,
50.93,214.21,-29,-23.64,,,,,,,,
50.93,214.21,-29,-23.64,,,,,,,,
50.93,214.21,-29,-23.64,,,,,,,,
50.93,214.21,-29,-23.64,,,,,,,,
50.93,214.21,-29,-23.64,,,,,,,,
50.99,209.35,-28.78,-57.33,,,,,,,,
51.04,209.35,-28.78,-57.33,,,,,,,,
51.09,225.16,-28.61,-23.64,,,,,,,,
51.19,202.49,-28.42,-33.19,,,,,,,,
51.22,202.49,-28.42,-33.19,,,,,,,,
51.29,198.5,-28.2,-24.64,,,,,,,,
51.39,197.63,-28.01,-26.15,,,,,,,,
51.49,195.29,-27.77,-23.13,,,,,,,,
51.54,195.29,-27.77,-23.13,,,,,,,,
51.59,191.65,-27.44,-19.61,,,,,,,,
51.69,187.75,-27.11,-27.66,,,,,,,,
51.79,184.03,-26.82,-22.63,,,,,,,,
51.86,184.03,-26.82,-22.63,,,,,,,,
51.89,184.12,-26.52,-22.63,,,,,,,,
51.94,184.12,-26.52,-22.63,,,,,,,,
51.94,184.12,-26.52,-22.63,,,,,,,,
51.94,184.12,-26.52,-22.63,,,,,,,,
51.94,184.12,-26.52,-22.63,,,,,,,,
51.94,184.12,-26.52,-22.63,,,,,,,,
51.99,183.08,-26.21,-22.63,,,,,,,,
52.09,182.9,-25.85,-20.12,,,,,,,,
52.18,182.9,-25.85,-20.12,,,,,,,,
52.19,182.82,-25.43,-16.09,,,,,,,,
52.29,178.23,-25,-24.64,,,,,,,,
52.39,171.22,-24.54,82.98,,,,,,,,
52.49,171.74,-24.09,24.14,,,,,,,,
52.5,171.74,-24.09,24.14,,,,,,,,
52.59,177.54,-23.7,-37.72,,,,,,,,
52.69,168.37,-23.28,-36.21,,,,,,,,
52.79,163.18,-22.89,-28.16,,,,,,,,
52.82,163.18,-22.89,-28.16,,,,,,,,
52.89,158.69,-22.56,-26.65,,,,,,,,
52.94,158.69,-22.56,-26.65,,,,,,,,
52.94,158.69,-22.56,-26.65,,,,,,,,
52.94,158.69,-22.56,-26.65,,,,,,,,
52.94,158.69,-22.56,-26.65,,,,,,,,
52.94,158.69,-22.56,-26.65,,,,,,,,
52.99,153.07,-22.29,-27.16,,,,,,,,
53.09,149.62,-21.91,-22.13,,,,,,,,
53.14,149.62,-21.91,-22.13,,,,,,,,
53.19,150.57,-21.73,-24.64,,,,,,,,
53.29,151.6,-21.61,-37.72,,,,,,,,
53.39,144.01,-21.55,-17.6,,,,,,,,
53.46,144.01,-21.55,-17.6,,,,,,,,
53.49,149.1,-21.53,-15.59,,,,,,,,
53.59,157.74,-21.5,-14.08,,,,,,,,
53.69,147.89,-21.48,-12.57,,,,,,,,
53.78,147.89,-21.48,-12.57,,,,,,,,
53.79,140.21,-21.47,-12.07,,,,,,,,
53.89,136.08,-21.47,-11.57,,,,,,,,
53.93,136.08,-21.47,-11.57,,,,,,,,
53.93,136.08,-21.47,-11.57,,,,,,,,
53.93,136.08,-21.47,-11.57,,,,,,,,
53.93,136.08,-21.47,-11.57,,,,,,,,
53.93,136.08,-21.47,-11.57,,,,,,,,
53.99,136.25,-21.49,-11.57,,,,,,,,
54.09,140.21,-21.48,-7.04,,,,,,,,
54.1,140.21,-21.48,-7.04,,,,,,,,
54.19,143.75,-21.45,-9.05,,,,,,,,
54.29,138.23,-21.4,-5.03,,,,,,,,
54.39,134.7,-21.38,-9.56,,,,,,,,
54.42,134.7,-21.38,-9.56,,,,,,,,
54.49,126.34,-21.24,-11.06,,,,,,,,
54.59,118.59,-21.05,-10.56,,,,,,,,
54.69,122.03,-20.81,-33.19,,,,,,,,
54.74,122.03,-20.81,-33.19,,,,,,,,
54.79,122.46,-20.57,-23.13,,,,,,,,
54.89,112.91,-20.27,-12.57,,,,,,,,
54.93,112.91,-20.27,-12.57,,,,,,,,
54.93,112.91,-20.27,-12.57,,,,,,,,
54.93,112.91,-20.27,-12.57,,,,,,,,
54.93,112.91,-20.27,-12.57,,,,,,,,
54.93,112.91,-20.27,-12.57,,,,,,,,
54.99,111.37,-19.93,6.03,,,,,,,,
55.06,111.37,-19.93,6.03,,,,,,,,
55.09,116.61,-19.56,40.23,,,,,,,,
55.19,109.47,-19.14,9.56,,,,,,,,
55.29,104.83,-18.68,3.52,,,,,,,,
55.38,104.83,-18.68,3.52,,,,,,,,
55.39,100.79,-18.22,-2.51,,,,,,,,
55.49,100.28,-17.72,-2.01,,,,,,,,
55.59,108.1,-17.21,-4.53,,,,,,,,
55.69,110.76,-16.78,-6.03,,,,,,,,
55.7,110.76,-16.78,-6.03,,,,,,,,
55.79,108.1,-16.38,-8.05,,,,,,,,
55.89,101.57,-16.03,-9.56,,,,,,,,
55.92,101.57,-16.03,-9.56,,,,,,,,
55.92,101.57,-16.03,-9.56,,,,,,,,
55.92,101.57,-16.03,-9.56,,,,,,,,
55.92,101.57,-16.03,-9.56,,,,,,,,
55.92,101.57,-16.03,-9.56,,,,,,,,
55.99,97.53,-15.68,-10.06,,,,,,,,
56.02,97.53,-15.68,-10.06,,,,,,,,
56.09,98.04,-15.31,-9.05,,,,,,,,
56.19,96.07,-14.93,-11.57,,,,,,,,
56.29,95.64,-14.58,-10.06,,,,,,,,
56.34,95.64,-14.58,-10.06,,,,,,,,
56.39,87.14,-14.24,-6.03,,,,,,,,
56.49,94.95,-13.92,-9.56,,,,,,,,
56.59,86.2,-13.58,-10.56,,,,,,,,
56.66,86.2,-13.58,-10.56,,,,,,,,
56.69,93.06,-13.17,-9.05,,,,,,,,
56.79,83.2,-12.7,-18.61,,,,,,,,
56.89,84.74,-12.23,-22.63,,,,,,,,
56.92,84.74,-12.23,-22.63,,,,,,,,
56.92,84.74,-12.23,-22.63,,,,,,,,
56.92,84.74,-12.23,-22.63,,,,,,,,
56.92,84.74,-12.23,-22.63,,,,,,,,
56.92,84.74,-12.23,-22.63,,,,,,,,
56.98,84.74,-12.23,-22.63,,,,,,,,
56.99,81.82,-11.7,-26.65,,,,,,,,
57.09,80.2,-11.09,35.71,,,,,,,,
57.19,78.4,-10.48,-25.15,,,,,,,,
57.29,79.85,-9.86,-11.06,,,,,,,,
57.3,79.85,-9.86,-11.06,,,,,,,,
57.39,81.31,-9.24,-9.05,,,,,,,,
57.49,79.68,-8.6,-12.57,,,,,,,,
57.59,76.68,-7.91,-13.08,,,,,,,,
57.62,76.68,-7.91,-13.08,,,,,,,,
57.69,75.82,-7.22,-14.58,,,,,,,,
57.79,77.37,-6.6,-14.08,,,,,,,,
57.89,73.42,-6.04,-8.55,,,,,,,,
57.93,73.42,-6.04,-8.55,,,,,,,,
57.93,73.42,-6.04,-8.55,,,,,,,,
57.93,73.42,-6.04,-8.55,,,,,,,,
57.93,73.42,-6.04,-8.55,,,,,,,,
57.93,73.42,-6.04,-8.55,,,,,,,,
57.94,73.42,-6.04,-8.55,,,,,,,,
57.99,74.02,-5.54,-10.06,,,,,,,,
58.09,72.74,-5.08,-21.12,,,,,,,,
58.19,74.37,-4.68,-24.14,,,,,,,,
58.26,74.37,-4.68,-24.14,,,,,,,,
58.29,73.25,-4.33,-23.13,,,,,,,,
58.39,73.08,-4.09,-21.12,,,,,,,,
58.49,73.6,-3.84,-23.13,,,,,,,,
58.58,73.6,-3.84,-23.13,,,,,,,,
58.59,73.34,-3.7,-20.12,,,,,,,,
58.69,73.34,-3.56,-18.1,,,,,,,,
58.79,72.48,-3.52,-19.11,,,,,,,,
58.89,73.42,-3.5,-13.58,,,,,,,,
58.9,73.42,-3.5,-13.58,,,,,,,,
58.93,73.42,-3.5,-13.58,,,,,,,,
58.93,73.42,-3.5,-13.58,,,,,,,,
58.93,73.42,-3.5,-13.58,,,,,,,,
58.93,73.42,-3.5,-13.58,,,,,,,,
58.93,73.42,-3.5,-13.58,,,,,,,,
58.99,73.08,-3.53,-12.07,,,,,,,,
59.09,72.57,-3.58,-12.07,,,,,,,,
59.19,72.65,-3.66,-11.57,,,,,,,,
59.22,72.65,-3.66,-11.57,,,,,,,,
59.29,71.2,-3.72,-15.59,,,,,,,,
59.39,70.08,-3.78,-31.68,,,,,,,,
59.49,69.74,-3.85,-19.11,,,,,,,,
59.54,69.74,-3.85,-19.11,,,,,,,,
59.59,70.34,-3.92,-12.57,,,,,,,,
59.69,70.94,-3.97,-10.06,,,,,,,,
59.79,69.57,-4,-12.07,,,,,,,,
59.86,69.57,-4,-12.07,,,,,,,,
59.89,70.43,-4.02,-13.58,,,,,,,,
59.94,70.43,-4.02,-13.58,,,,,,,,
59.94,70.43,-4.02,-13.58,,,,,,,,
59.94,70.43,-4.02,-13.58,,,,,,,,
59.94,70.43,-4.02,-13.58,,,,,,,,
59.94,70.43,-4.02,-13.58,,,,,,,,
59.99,68.54,-3.99,-12.07,,,,,,,,
60.09,67.86,-3.94,-15.09,,,,,,,,
60.18,67.86,-3.94,-15.09,,,,,,,,
60.19,66.14,-3.85,-19.61,,,,,,,,
60.29,65.29,-3.74,-22.63,,,,,,,,
60.39,64.6,-3.61,-22.13,,,,,,,,
60.49,64.77,-3.45,-19.11,,,,,,,,
60.5,64.77,-3.45,-19.11,,,,,,,,
60.59,64.86,-3.29,-23.64,,,,,,,,
60.69,65.63,-3.13,-23.64,,,,,,,,
60.79,64.69,-2.96,-25.65,,,,,,,,
60.82,64.69,-2.96,-25.65,,,,,,,,
60.89,65.8,-2.79,-18.61,,,,,,,,
60.93,65.8,-2.79,-18.61,,,,,,,,
60.93,65.8,-2.79,-18.61,,,,,,,,
60.93,65.8,-2.79,-18.61,,,,,,,,
60.93,65.8,-2.79,-18.61,,,,,,,,
60.93,65.8,-2.79,-18.61,,,,,,,,
60.99,63.4,-2.64,-14.58,,,,,,,,
61.09,63.23,-2.51,-14.08,,,,,,,,
61.14,63.23,-2.51,-14.08,,,,,,,,
61.19,63.4,-2.4,-12.07,,,,,,,,
61.29,64.86,-2.31,-9.05,,,,,,,,
61.39,64.18,-2.24,-10.06,,,,,,,,
61.46,64.18,-2.24,-10.06,,,,,,,,
61.49,62.89,-2.2,-17.6,,,,,,,,
61.59,63.49,-2.16,-29.17,,,,,,,,
61.69,63.49,-2.12,-19.11,,,,,,,,
61.78,63.49,-2.12,-19.11,,,,,,,,
61.79,62.63,-2.09,-14.08,,,,,,,,
61.89,61.86,-2.07,-13.08,,,,,,,,
61.93,61.86,-2.07,-13.08,,,,,,,,
61.93,61.86,-2.07,-13.08,,,,,,,,
61.93,61.86,-2.07,-13.08,,,,,,,,
61.93,61.86,-2.07,-13.08,,,,,,,,
61.93,61.86,-2.07,-13.08,,,,,,,,
61.99,63.75,-2.07,-14.08,,,,,,,,
62.09,62.63,-2.08,-16.09,,,,,,,,
62.1,62.63,-2.08,-16.09,,,,,,,,
62.19,62.21,-2.09,-15.09,,,,,,,,
62.29,61.95,-2.1,-20.12,,,,,,,,
62.39,62.04,-2.11,-20.12,,,,,,,,
62.42,62.04,-2.11,-20.12,,,,,,,,
62.49,62.72,-2.1,-21.12,,,,,,,,
62.59,60.58,-2.09,-21.62,,,,,,,,
62.69,60.58,-2.07,-18.1,,,,,,,,
62.74,60.58,-2.07,-18.1,,,,,,,,
62.79,61.18,-2.04,-19.61,,,,,,,,
62.89,60.75,-2.02,-18.61,,,,,,,,
62.96,60.75,-2.02,-18.61,,,,,,,,
62.96,60.75,-2.02,-18.61,,,,,,,,
62.96,60.75,-2.02,-18.61,,,,,,,,
62.96,60.75,-2.02,-18.61,,,,,,,,
62.96,60.75,-2.02,-18.61,,,,,,,,
62.99,58.87,-2,-19.11,,,,,,,,
63.06,58.87,-2,-19.11,,,,,,,,
63.09,58.95,-1.98,-17.1,,,,,,,,
63.19,58.61,-1.98,-16.6,,,,,,,,
63.29,59.21,-1.97,-19.11,,,,,,,,
63.38,59.21,-1.97,-19.11,,,,,,,,
63.39,59.13,-1.98,-14.58,,,,,,,,
63.49,57.84,-2,-13.58,,,,,,,,
63.59,60.41,-2,-16.09,,,,,,,,
63.69,61.01,-2.03,-12.07,,,,,,,,
63.7,61.01,-2.03,-12.07,,,,,,,,
63.79,61.18,-2.06,-17.6,,,,,,,,
63.89,59.3,-2.11,-22.13,,,,,,,,
63.93,59.3,-2.11,-22.13,,,,,,,,
63.93,59.3,-2.11,-22.13,,,,,,,,
63.93,59.3,-2.11,-22.13,,,,,,,,
63.93,59.3,-2.11,-22.13,,,,,,,,
63.93,59.3,-2.11,-22.13,,,,,,,,
63.99,58.61,-2.14,-20.62,,,,,,,,
64.02,58.61,-2.14,-20.62,,,,,,,,
64.09,58.1,-2.19,-17.6,,,,,,,,
64.19,58.27,-2.26,-20.12,,,,,,,,
64.29,57.16,-2.31,-21.62,,,,,,,,
64.34,57.16,-2.31,-21.62,,,,,,,,
64.39,56.13,-2.37,-18.61,,,,,,,,
64.49,58.01,-2.4,-17.6,,,,,,,,
64.59,57.16,-2.45,-15.09,,,,,,,,
64.66,57.16,-2.45,-15.09,,,,,,,,
64.69,56.9,-2.5,-15.59,,,,,,,,
64.79,57.07,-2.54,-14.08,,,,,,,,
64.89,55.96,-2.58,-17.1,,,,,,,,
64.94,55.96,-2.58,-17.1,,,,,,,,
64.94,55.96,-2.58,-17.1,,,,,,,,
64.94,55.96,-2.58,-17.1,,,,,,,,
64.94,55.96,-2.58,-17.1,,,,,,,,
64.94,55.96,-2.58,-17.1,,,,,,,,
64.98,55.96,-2.58,-17.1,,,,,,,,
64.99,56.39,-2.62,-18.61,,,,,,,,
65.09,56.22,-2.64,-21.62,,,,,,,,
65.19,53.65,-2.66,-18.61,,,,,,,,
65.29,54.68,-2.67,-15.59,,,,,,,,
65.3,54.68,-2.67,-15.59,,,,,,,,
65.39,53.39,-2.67,-17.6,,,,,,,,
65.49,56.05,-2.66,-17.1,,,,,,,,
65.59,56.39,-2.64,-16.09,,,,,,,,
65.62,56.39,-2.64,-16.09,,,,,,,,
65.69,53.74,-2.61,-17.6,,,,,,,,
65.79,54.93,-2.57,-19.11,,,,,,,,
65.89,53.22,-2.54,-18.1,,,,,,,,
65.93,53.22,-2.54,-18.1,,,,,,,,
65.93,53.22,-2.54,-18.1,,,,,,,,
65.93,53.22,-2.54,-18.1,,,,,,,,
65.93,53.22,-2.54,-18.1,,,,,,,,
65.93,53.22,-2.54,-18.1,,,,,,,,
65.94,53.22,-2.54,-18.1,,,,,,,,
65.99,54.76,-2.52,-18.61,,,,,,,,
66.09,52.03,-2.51,-16.09,,,,,,,,
66.19,50.23,-2.49,-17.1,,,,,,,,
66.26,50.23,-2.49,-17.1,,,,,,,,
66.29,52.63,-2.48,-18.61,,,,,,,,
66.39,52.97,-2.48,-16.6,,,,,,,,
66.49,54.25,-2.46,-18.1,,,,,,,,
66.58,54.25,-2.46,-18.1,,,,,,,,
66.59,51.94,-2.44,-21.62,,,,,,,,
66.69,49.8,-2.44,-19.11,,,,,,,,
66.79,49.89,-2.44,-18.61,,,,,,,,
66.89,50.15,-2.44,-16.6,,,,,,,,
66.9,50.15,-2.44,-16.6,,,,,,,,
66.93,50.15,-2.44,-16.6,,,,,,,,
66.93,50.15,-2.44,-16.6,,,,,,,,
66.93,50.15,-2.44,-16.6,,,,,,,,
66.93,50.15,-2.44,-16.6,,,,,,,,
66.93,50.15,-2.44,-16.6,,,,,,,,
66.99,50.15,-2.44,-17.1,,,,,,,,
67.09,51.94,-2.45,-17.6,,,,,,,,
67.19,50.32,-2.47,-17.1,,,,,,,,
67.22,50.32,-2.47,-17.1,,,,,,,,
67.29,51,-2.48,-18.1,,,,,,,,
67.39,50.57,-2.5,-19.11,,,,,,,,
67.49,50.15,-2.5,-17.6,,,,,,,,
67.54,50.15,-2.5,-17.6,,,,,,,,
67.59,50.49,-2.5,-17.6,,,,,,,,
67.69,49.89,-2.52,-20.12,,,,,,,,
67.79,50.92,-2.53,-22.13,,,,,,,,
67.86,50.92,-2.53,-22.13,,,,,,,,
67.89,48.44,-2.55,-24.14,,,,,,,,
67.93,48.44,-2.55,-24.14,,,,,,,,
67.93,48.44,-2.55,-24.14,,,,,,,,
67.93,48.44,-2.55,-24.14,,,,,,,,
67.93,48.44,-2.55,-24.14,,,,,,,,
67.93,48.44,-2.55,-24.14,,,,,,,,
67.99,48.35,-2.56,-20.62,,,,,,,,
68.09,45.1,-2.57,-15.59,,,,,,,,
68.18,45.1,-2.57,-15.59,,,,,,,,
68.19,47.84,-2.6,-20.62,,,,,,,,
68.29,47.07,-2.59,-19.11,,,,,,,,
68.39,45.27,-2.58,-19.61,,,,,,,,
68.49,47.07,-2.56,-19.11,,,,,,,,
68.5,47.07,-2.56,-19.11,,,,,,,,
68.59,47.84,-2.55,-16.6,,,,,,,,
68.69,46.47,-2.55,-18.61,,,,,,,,
68.79,46.47,-2.56,-19.61,,,,,,,,
68.82,46.47,-2.56,-19.61,,,,,,,,
68.89,46.73,-2.56,-21.62,,,,,,,,
68.95,46.73,-2.56,-21.62,,,,,,,,
68.95,46.73,-2.56,-21.62,,,,,,,,
68.95,46.73,-2.56,-21.62,,,,,,,,
68.95,46.73,-2.56,-21.62,,,,,,,,
68.95,46.73,-2.56,-21.62,,,,,,,,
68.99,46.56,-2.55,-19.11,,,,,,,,
69.09,45.27,-2.54,-19.11,,,,,,,,
69.14,45.27,-2.54,-19.11,,,,,,,,
69.19,46.3,-2.54,-20.12,,,,,,,,
69.29,45.7,-2.53,-19.61,,,,,,,,
69.39,44.93,-2.52,-19.61,,,,,,,,
69.46,44.93,-2.52,-19.61,,,,,,,,
69.49,44.85,-2.52,-20.12,,,,,,,,
69.59,43.74,-2.5,-19.11,,,,,,,,
69.69,43.39,-2.5,-21.62,,,,,,,,
69.78,43.39,-2.5,-21.62,,,,,,,,
69.79,43.91,-2.48,-17.6,,,,,,,,
69.89,42.54,-2.49,-20.12,,,,,,,,
69.94,42.54,-2.49,-20.12,,,,,,,,
69.94,42.54,-2.49,-20.12,,,,,,,,
69.94,42.54,-2.49,-20.12,,,,,,,,
69.94,42.54,-2.49,-20.12,,,,,,,,
69.94,42.54,-2.49,-20.12,,,,,,,,
69.99,42.88,-2.48,-17.6,,,,,,,,
70.09,42.97,-2.47,-19.11,,,,,,,,
70.1,42.97,-2.47,-19.11,,,,,,,,
70.19,42.11,-2.44,-18.1,,,,,,,,
70.29,42.63,-2.4,-18.61,,,,,,,,
70.39,43.48,-2.37,-18.61,,,,,,,,
70.42,43.48,-2.37,-18.61,,,,,,,,
70.49,42.37,-2.32,-18.61,,,,,,,,
70.59,42.71,-2.27,-18.61,,,,,,,,
70.69,42.03,-2.22,-17.6,,,,,,,,
70.74,42.03,-2.22,-17.6,,,,,,,,
70.79,39.98,-2.16,-19.11,,,,,,,,
70.89,40.15,-2.12,-19.11,,,,,,,,
70.96,40.15,-2.12,-19.11,,,,,,,,
70.96,40.15,-2.12,-19.11,,,,,,,,
70.96,40.15,-2.12,-19.11,,,,,,,,
70.96,40.15,-2.12,-19.11,,,,,,,,
70.96,40.15,-2.12,-19.11,,,,,,,,
70.99,40.92,-2.08,-21.12,,,,,,,,
71.06,40.92,-2.08,-21.12,,,,,,,,
71.09,40.06,-2.07,-21.12,,,,,,,,
71.19,39.98,-2.06,-16.6,,,,,,,,
71.29,40.92,-2.07,-17.1,,,,,,,,
71.38,40.92,-2.07,-17.1,,,,,,,,
71.39,41.26,-2.1,-17.6,,,,,,,,
71.49,40.4,-2.15,-18.61,,,,,,,,
71.59,40.92,-2.21,-21.62,,,,,,,,
71.69,37.93,-2.28,-19.61,,,,,,,,
71.7,37.93,-2.28,-19.61,,,,,,,,
71.79,38.7,-2.36,-21.62,,,,,,,,
71.89,37.42,-2.45,-20.62,,,,,,,,
71.94,37.42,-2.45,-20.62,,,,,,,,
71.94,37.42,-2.45,-20.62,,,,,,,,
71.94,37.42,-2.45,-20.62,,,,,,,,
71.94,37.42,-2.45,-20.62,,,,,,,,
71.94,37.42,-2.45,-20.62,,,,,,,,
71.99,38.61,-2.55,-19.11,,,,,,,,
72.02,38.61,-2.55,-19.11,,,,,,,,
72.09,40.32,-2.65,-22.13,,,,,,,,
72.19,38.7,-2.75,-21.12,,,,,,,,
72.29,40.4,-2.84,-18.61,,,,,,,,
72.34,40.4,-2.84,-18.61,,,,,,,,
72.39,38.01,-2.93,-18.61,,,,,,,,
72.49,38.18,-3.02,-18.1,,,,,,,,
72.59,37.59,-3.1,-19.61,,,,,,,,
72.66,37.59,-3.1,-19.61,,,,,,,,
72.69,38.27,-3.18,-18.1,,,,,,,,
72.79,37.84,-3.25,-17.6,,,,,,,,
72.89,36.65,-3.32,-19.11,,,,,,,,
72.96,36.65,-3.32,-19.11,,,,,,,,
72.96,36.65,-3.32,-19.11,,,,,,,,
72.96,36.65,-3.32,-19.11,,,,,,,,
72.96,36.65,-3.32,-19.11,,,,,,,,
72.96,36.65,-3.32,-19.11,,,,,,,,
72.98,36.65,-3.32,-19.11,,,,,,,,
72.99,35.62,-3.36,-21.12,,,,,,,,
73.09,34.94,-3.4,-19.61,,,,,,,,
73.19,33.4,-3.43,-17.6,,,,,,,,
73.29,33.32,-3.43,-18.1,,,,,,,,
73.3,33.32,-3.43,-18.1,,,,,,,,
73.39,33.49,-3.43,-17.1,,,,,,,,
73.49,32.98,-3.42,-18.1,,,,,,,,
73.59,33.66,-3.41,-20.12,,,,,,,,
73.62,33.66,-3.41,-20.12,,,,,,,,
73.69,33.92,-3.42,-20.62,,,,,,,,
73.79,33.06,-3.43,-18.61,,,,,,,,
73.89,33.83,-3.45,-20.12,,,,,,,,
73.94,33.83,-3.45,-20.12,,,,,,,,
73.94,33.83,-3.45,-20.12,,,,,,,,
73.94,33.83,-3.45,-20.12,,,,,,,,
73.94,33.83,-3.45,-20.12,,,,,,,,
73.94,33.83,-3.45,-20.12,,,,,,,,
73.94,33.83,-3.45,-20.12,,,,,,,,
73.99,33.15,-3.46,-20.62,,,,,,,,
74.09,32.29,-3.48,-19.11,,,,,,,,
74.19,32.81,-3.52,-19.61,,,,,,,,
74.26,32.81,-3.52,-19.61,,,,,,,,
74.29,32.12,-3.56,-18.61,,,,,,,,
74.39,30.67,-3.62,-18.61,,,,,,,,
74.49,31.61,-3.67,-17.6,,,,,,,,
74.58,31.61,-3.67,-17.6,,,,,,,,
74.59,30.67,-3.74,-18.1,,,,,,,,
74.69,28.88,-3.8,-18.1,,,,,,,,
74.79,29.9,-3.88,-22.63,,,,,,,,
74.89,27.6,-3.96,-20.62,,,,,,,,
74.9,27.6,-3.96,-20.62,,,,,,,,
74.95,27.6,-3.96,-20.62,,,,,,,,
74.95,27.6,-3.96,-20.62,,,,,,,,
74.95,27.6,-3.96,-20.62,,,,,,,,
74.95,27.6,-3.96,-20.62,,,,,,,,
74.95,27.6,-3.96,-20.62,,,,,,,,
74.99,28.71,-4.04,-17.6,,,,,,,,
75.09,28.28,-4.1,-17.1,,,,,,,,
75.19,28.2,-4.15,-18.61,,,,,,,,
75.22,28.2,-4.15,-18.61,,,,,,,,
75.29,28.71,-4.19,-16.6,,,,,,,,
75.39,28.62,-4.2,-21.62,,,,,,,,
75.49,27.77,-4.2,-18.1,,,,,,,,
75.54,27.77,-4.2,-18.1,,,,,,,,
75.59,26.66,-4.19,-22.13,,,,,,,,
75.69,25.81,-4.16,-20.62,,,,,,,,
75.79,25.13,-4.12,-20.62,,,,,,,,
75.86,25.13,-4.12,-20.62,,,,,,,,
75.89,23.76,-4.07,-21.12,,,,,,,,
75.93,23.76,-4.07,-21.12,,,,,,,,
75.93,23.76,-4.07,-21.12,,,,,,,,
75.93,23.76,-4.07,-21.12,,,,,,,,
75.93,23.76,-4.07,-21.12,,,,,,,,
75.93,23.76,-4.07,-21.12,,,,,,,,
75.99,23.68,-4.03,-21.12,,,,,,,,
76.09,23.93,-4,-21.62,,,,,,,,
76.18,23.93,-4,-21.62,,,,,,,,
76.19,21.97,-3.97,-22.13,,,,,,,,
76.29,22.74,-3.96,-20.62,,,,,,,,
76.39,24.27,-3.96,-18.61,,,,,,,,
76.49,23.93,-3.99,-18.61,,,,,,,,
76.5,23.93,-3.99,-18.61,,,,,,,,
76.59,21.8,-4.03,-18.61,,,,,,,,
76.69,21.8,-4.1,-18.1,,,,,,,,
76.79,19.59,-4.17,-20.62,,,,,,,,
76.82,19.59,-4.17,-20.62,,,,,,,,
76.89,20.01,-4.27,-16.6,,,,,,,,
76.93,20.01,-4.27,-16.6,,,,,,,,
76.93,20.01,-4.27,-16.6,,,,,,,,
76.93,20.01,-4.27,-16.6,,,,,,,,
76.93,20.01,-4.27,-16.6,,,,,,,,
76.93,20.01,-4.27,-16.6,,,,,,,,
76.99,20.35,-4.39,-16.09,,,,,,,,
77.09,20.86,-4.53,-16.6,,,,,,,,
77.14,20.86,-4.53,-16.6,,,,,,,,
77.19,21.38,-4.66,-17.6,,,,,,,,
77.29,20.44,-4.81,-15.09,,,,,,,,
77.39,20.86,-4.96,-15.59,,,,,,,,
77.46,20.86,-4.96,-15.59,,,,,,,,
77.49,19.67,-5.13,-19.61,,,,,,,,
77.59,18.39,-5.29,-17.6,,,,,,,,
77.69,18.56,-5.43,-19.61,,,,,,,,
77.78,18.56,-5.43,-19.61,,,,,,,,
77.79,18.22,-5.58,-16.6,,,,,,,,
77.89,17.37,-5.72,-17.1,,,,,,,,
77.95,17.37,-5.72,-17.1,,,,,,,,
77.95,17.37,-5.72,-17.1,,,,,,,,
77.95,17.37,-5.72,-17.1,,,,,,,,
77.95,17.37,-5.72,-17.1,,,,,,,,
77.95,17.37,-5.72,-17.1,,,,,,,,
77.99,14.64,-5.85,-14.08,,,,,,,,
78.09,15.15,-5.96,-13.58,,,,,,,,
78.1,15.15,-5.96,-13.58,,,,,,,,
78.19,12.85,-6.08,-15.09,,,,,,,,
78.29,12.94,-6.18,-17.1,,,,,,,,
78.39,12.77,-6.26,-20.12,,,,,,,,
78.42,12.77,-6.26,-20.12,,,,,,,,
78.49,10.13,-6.36,-18.1,,,,,,,,
78.59,11.83,-6.44,-18.1,,,,,,,,
78.69,11.92,-6.5,-15.59,,,,,,,,
78.74,11.92,-6.5,-15.59,,,,,,,,
78.79,11.41,-6.58,-18.1,,,,,,,,
78.89,10.04,-6.65,-20.62,,,,,,,,
78.92,10.04,-6.65,-20.62,,,,,,,,
78.92,10.04,-6.65,-20.62,,,,,,,,
78.92,10.04,-6.65,-20.62,,,,,,,,
78.92,10.04,-6.65,-20.62,,,,,,,,
78.92,10.04,-6.65,-20.62,,,,,,,,
78.99,8.68,-6.71,-19.61,,,,,,,,
79.06,8.68,-6.71,-19.61,,,,,,,,
79.09,8.94,-6.76,-19.61,,,,,,,,
79.19,9.87,-6.79,-20.12,,,,,,,,
79.29,8,-6.82,-20.12,,,,,,,,
79.38,8,-6.82,-20.12,,,,,,,,
79.39,7.15,-6.84,-20.12,,,,,,,,
79.49,6.21,-6.87,-23.13,,,,,,,,
79.59,6.3,-6.88,-21.12,,,,,,,,
79.69,6.38,-6.87,-20.62,,,,,,,,
79.7,6.38,-6.87,-20.62,,,,,,,,
79.79,3.57,-6.84,-21.12,,,,,,,,
79.89,2.3,-6.78,-19.61,,,,,,,,
79.93,2.3,-6.78,-19.61,,,,,,,,
79.93,2.3,-6.78,-19.61,,,,,,,,
79.93,2.3,-6.78,-19.61,,,,,,,,
79.93,2.3,-6.78,-19.61,,,,,,,,
79.93,2.3,-6.78,-19.61,,,,,,,,
79.99,2.04,-6.73,-20.12,,,,,,,,
80.02,2.04,-6.73,-20.12,,,,,,,,
80.09,0.26,-6.64,-18.1,,,,,,,,
80.19,-1.45,-6.52,-21.62,,,,,,,,
80.29,-1.02,-6.37,-21.62,,,,,,,,
80.34,-1.02,-6.37,-21.62,,,,,,,,
80.39,-0.85,-6.19,-26.65,,,,,,,,
80.49,-3.23,-5.99,-20.62,,,,,,,,
80.59,-1.62,-5.76,-24.14,,,,,,,,
80.66,-1.62,-5.76,-24.14,,,,,,,,
80.69,0.43,-5.51,-21.62,,,,,,,,
80.79,-2.98,-5.24,-20.12,,,,,,,,
80.89,-4,-4.97,-18.61,,,,,,,,
80.93,-4,-4.97,-18.61,,,,,,,,
80.93,-4,-4.97,-18.61,,,,,,,,
80.93,-4,-4.97,-18.61,,,,,,,,
80.93,-4,-4.97,-18.61,,,,,,,,
80.93,-4,-4.97,-18.61,,,,,,,,
80.98,-4,-4.97,-18.61,,,,,,,,
80.99,-3.57,-4.71,-18.1,,,,,,,,
81.09,-5.19,-4.43,-19.61,,,,,,,,
81.19,-4.17,-4.14,-20.62,,,,,,,,
81.29,-5.02,-3.87,-21.12,,,,,,,,
81.3,-5.02,-3.87,-21.12,,,,,,,,
81.39,-6.72,-3.61,-22.63,,,,,,,,
81.49,-7.99,-3.35,-19.11,,,,,,,,
81.59,-7.4,-3.11,-19.11,,,,,,,,
81.62,-7.4,-3.11,-19.11,,,,,,,,
81.69,-7.23,-2.87,-21.12,,,,,,,,
81.79,-7.06,-2.64,-20.12,,,,,,,,
81.89,-6.97,-2.43,1.01,,,,,,,,
81.93,-6.97,-2.43,1.01,,,,,,,,
81.93,-6.97,-2.43,1.01,,,,,,,,
81.93,-6.97,-2.43,1.01,,,,,,,,
81.93,-6.97,-2.43,1.01,,,,,,,,
81.93,-6.97,-2.43,1.01,,,,,,,,
81.94,-6.97,-2.43,1.01,,,,,,,,
81.99,-9.44,-2.23,-1.51,,,,,,,,
82.09,-9.35,-2.04,-1.51,,,,,,,,
82.19,-7.23,-1.85,2.51,,,,,,,,
82.26,-7.23,-1.85,2.51,,,,,,,,
82.29,-6.63,-1.68,26.65,,,,,,,,
82.39,-7.82,-1.5,-8.55,,,,,,,,
82.49,-6.72,-1.34,-7.04,,,,,,,,
82.58,-6.72,-1.34,-7.04,,,,,,,,
82.59,-8.25,-1.17,-11.57,,,,,,,,
82.69,-8.5,-1.02,-18.61,,,,,,,,
82.79,-7.57,-0.89,-14.58,,,,,,,,
82.89,-8.25,-0.78,-19.11,,,,,,,,
82.9,-8.25,-0.78,-19.11,,,,,,,,
82.93,-8.25,-0.78,-19.11,,,,,,,,
82.93,-8.25,-0.78,-19.11,,,,,,,,
82.93,-8.25,-0.78,-19.11,,,,,,,,
82.93,-8.25,-0.78,-19.11,,,,,,,,
82.93,-8.25,-0.78,-19.11,,,,,,,,
82.99,-11.22,-0.67,-9.56,,,,,,,,
83.09,-9.52,-0.58,-9.05,,,,,,,,
83.19,-8.25,-0.51,1.01,,,,,,,,
83.22,-8.25,-0.51,1.01,,,,,,,,
83.29,-9.78,-0.44,-3.52,,,,,,,,
83.39,-8.84,-0.39,-9.05,,,,,,,,
83.49,-10.12,-0.34,-3.52,,,,,,,,
83.54,-10.12,-0.34,-3.52,,,,,,,,
83.59,-10.46,-0.28,-8.55,,,,,,,,
83.69,-8.25,-0.24,-9.56,,,,,,,,
83.79,-7.91,-0.21,-12.57,,,,,,,,
83.86,-7.91,-0.21,-12.57,,,,,,,,
83.89,-8.16,-0.19,-10.06,,,,,,,,
83.93,-8.16,-0.19,-10.06,,,,,,,,
83.93,-8.16,-0.19,-10.06,,,,,,,,
83.93,-8.16,-0.19,-10.06,,,,,,,,
83.93,-8.16,-0.19,-10.06,,,,,,,,
83.93,-8.16,-0.19,-10.06,,,,,,,,
83.99,-9.86,-0.19,-10.56,,,,,,,,
84.09,-8.67,-0.2,-10.06,,,,,,,,
84.18,-8.67,-0.2,-10.06,,,,,,,,
84.19,-8.08,-0.21,-11.06,,,,,,,,
84.29,-9.78,-0.21,-10.06,,,,,,,,
84.39,-6.89,-0.23,-11.06,,,,,,,,
84.49,-8.16,-0.24,-10.56,,,,,,,,
84.5,-8.16,-0.24,-10.56,,,,,,,,
84.59,-7.14,-0.26,-9.56,,,,,,,,
84.69,-10.46,-0.29,-9.56,,,,,,,,
84.79,-10.37,-0.32,-9.56,,,,,,,,
84.82,-10.37,-0.32,-9.56,,,,,,,,
84.89,-8.84,-0.35,-10.56,,,,,,,,
84.93,-8.84,-0.35,-10.56,,,,,,,,
84.93,-8.84,-0.35,-10.56,,,,,,,,
84.93,-8.84,-0.35,-10.56,,,,,,,,
84.93,-8.84,-0.35,-10.56,,,,,,,,
84.93,-8.84,-0.35,-10.56,,,,,,,,
84.99,-9.95,-0.38,-8.55,,,,,,,,
85.09,-10.03,-0.41,-10.06,,,,,,,,
85.14,-10.03,-0.41,-10.06,,,,,,,,
85.19,-10.88,-0.41,-9.56,,,,,,,,
85.29,-10.2,-0.4,-9.56,,,,,,,,
85.39,-7.99,-0.38,-10.06,,,,,,,,
85.46,-7.99,-0.38,-10.06,,,,,,,,
85.49,-8.33,-0.35,-9.05,,,,,,,,
85.59,-7.14,-0.31,-10.06,,,,,,,,
85.69,-8.42,-0.27,-11.06,,,,,,,,
85.78,-8.42,-0.27,-11.06,,,,,,,,
85.79,-10.8,-0.21,-9.56,,,,,,,,
85.89,-9.86,-0.14,-12.57,,,,,,,,
85.94,-9.86,-0.14,-12.57,,,,,,,,
85.94,-9.86,-0.14,-12.57,,,,,,,,
85.94,-9.86,-0.14,-12.57,,,,,,,,
85.94,-9.86,-0.14,-12.57,,,,,,,,
85.94,-9.86,-0.14,-12.57,,,,,,,,
85.99,-9.86,-0.09,-10.06,,,,,,,,
86.09,-11.56,-0.04,-11.06,,,,,,,,
86.1,-11.56,-0.04,-11.06,,,,,,,,
86.19,-11.22,0.01,-10.56,,,,,,,,
86.29,-7.74,0.05,-11.06,,,,,,,,
86.39,-8.84,0.1,-10.06,,,,,,,,
86.42,-8.84,0.1,-10.06,,,,,,,,
86.49,-9.18,0.12,-11.06,,,,,,,,
86.59,-8.93,0.16,-14.08,,,,,,,,
86.69,-10.63,0.17,-9.05,,,,,,,,
86.74,-10.63,0.17,-9.05,,,,,,,,
86.79,-11.05,0.19,-10.06,,,,,,,,
86.89,-10.2,0.22,-11.06,,,,,,,,
86.93,-10.2,0.22,-11.06,,,,,,,,
86.93,-10.2,0.22,-11.06,,,,,,,,
86.93,-10.2,0.22,-11.06,,,,,,,,
86.93,-10.2,0.22,-11.06,,,,,,,,
86.93,-10.2,0.22,-11.06,,,,,,,,
86.99,-9.86,0.24,-12.57,,,,,,,,
87.06,-9.86,0.24,-12.57,,,,,,,,
87.09,-11.73,0.26,-12.07,,,,,,,,
87.19,-8.16,0.27,-11.57,,,,,,,,
87.29,-7.31,0.29,-11.06,,,,,,,,
87.38,-7.31,0.29,-11.06,,,,,,,,
87.39,-8.33,0.33,-14.58,,,,,,,,
87.49,-7.23,0.35,-11.06,,,,,,,,
87.59,-8.08,0.37,-9.56,,,,,,,,
87.69,-10.03,0.37,-10.06,,,,,,,,
87.7,-10.03,0.37,-10.06,,,,,,,,
87.79,-9.27,0.36,-10.56,,,,,,,,
87.89,-8.33,0.36,-9.05,,,,,,,,
87.93,-8.33,0.36,-9.05,,,,,,,,
87.93,-8.33,0.36,-9.05,,,,,,,,
87.93,-8.33,0.36,-9.05,,,,,,,,
87.93,-8.33,0.36,-9.05,,,,,,,,
87.93,-8.33,0.36,-9.05,,,,,,,,
87.99,-9.44,0.35,-9.05,,,,,,,,
88.02,-9.44,0.35,-9.05,,,,,,,,
88.09,-10.71,0.32,-11.57,,,,,,,,
88.19,-10.46,0.3,-10.06,,,,,,,,
88.29,-10.46,0.3,-9.56,,,,,,,,
88.34,-10.46,0.3,-9.56,,,,,,,,
88.39,-10.37,0.29,-9.56,,,,,,,,
88.49,-10.63,0.26,-7.54,,,,,,,,
88.59,-7.31,0.21,-10.56,,,,,,,,
88.66,-7.31,0.21,-10.56,,,,,,,,
88.69,-8.67,0.15,-10.56,,,,,,,,
88.79,-6.8,0.09,-9.56,,,,,,,,
88.89,-8.33,0.02,-9.56,,,,,,,,
88.95,-8.33,0.02,-9.56,,,,,,,,
88.95,-8.33,0.02,-9.56,,,,,,,,
88.95,-8.33,0.02,-9.56,,,,,,,,
88.95,-8.33,0.02,-9.56,,,,,,,,
88.95,-8.33,0.02,-9.56,,,,,,,,
88.98,-8.33,0.02,-9.56,,,,,,,,
88.99,-7.4,-0.05,-9.56,,,,,,,,
89.09,-7.48,-0.13,-11.06,,,,,,,,
89.19,-9.1,-0.2,-9.05,,,,,,,,
89.29,-6.63,-0.25,-11.06,,,,,,,,
89.3,-6.63,-0.25,-11.06,,,,,,,,
89.39,-8.67,-0.31,-10.06,,,,,,,,
89.49,-8.33,-0.34,-9.56,,,,,,,,
89.59,-10.12,-0.37,-22.13,,,,,,,,
89.62,-10.12,-0.37,-22.13,,,,,,,,
89.69,-10.71,-0.41,-6.03,,,,,,,,
89.79,-9.61,-0.44,-13.08,,,,,,,,
89.89,-9.01,-0.44,-9.56,,,,,,,,
89.94,-9.01,-0.44,-9.56,,,,,,,,
89.97,-9.01,-0.44,-9.56,,,,,,,,
89.97,-9.01,-0.44,-9.56,,,,,,,,
89.97,-9.01,-0.44,-9.56,,,,,,,,
89.97,-9.01,-0.44,-9.56,,,,,,,,
89.97,-9.01,-0.44,-9.56,,,,,,,,
89.99,-9.35,-0.45,-7.54,,,,,,,,
90.09,-11.05,-0.44,-7.54,,,,,,,,
90.19,-9.52,-0.4,-10.56,,,,,,,,
90.26,-9.52,-0.4,-10.56,,,,,,,,
90.29,-7.23,-0.35,-10.56,,,,,,,,
90.39,-8.16,-0.3,-10.56,,,,,,,,
90.49,-9.01,-0.23,-10.06,,,,,,,,
90.58,-9.01,-0.23,-10.06,,,,,,,,
90.59,-11.48,-0.15,-10.06,,,,,,,,
90.69,-9.78,-0.08,-10.56,,,,,,,,
90.79,-9.18,-0.01,-8.05,,,,,,,,
90.89,-10.46,0.06,-11.57,,,,,,,,
90.9,-10.46,0.06,-11.57,,,,,,,,
90.95,-10.46,0.06,-11.57,,,,,,,,
90.95,-10.46,0.06,-11.57,,,,,,,,
90.95,-10.46,0.06,-11.57,,,,,,,,
90.95,-10.46,0.06,-11.57,,,,,,,,
90.95,-10.46,0.06,-11.57,,,,,,,,
90.99,-10.97,0.12,-9.56,,,,,,,,
91.09,-9.52,0.16,-9.56,,,,,,,,
91.19,-10.12,0.18,-9.05,,,,,,,,
91.22,-10.12,0.18,-9.05,,,,,,,,
91.29,-7.65,0.21,-10.56,,,,,,,,
91.39,-8.84,0.23,-10.06,,,,,,,,
91.49,-7.23,0.24,-9.05,,,,,,,,
91.54,-7.23,0.24,-9.05,,,,,,,,
91.59,-8.16,0.25,-12.57,,,,,,,,
91.69,-10.29,0.26,-9.56,,,,,,,,
91.79,-11.22,0.28,-8.55,,,,,,,,
91.86,-11.22,0.28,-8.55,,,,,,,,
91.89,-9.86,0.31,-7.54,,,,,,,,
91.94,-9.86,0.31,-7.54,,,,,,,,
91.94,-9.86,0.31,-7.54,,,,,,,,
91.94,-9.86,0.31,-7.54,,,,,,,,
91.94,-9.86,0.31,-7.54,,,,,,,,
91.94,-9.86,0.31,-7.54,,,,,,,,
91.99,-10.2,0.34,-11.06,,,,,,,,
92.09,-9.61,0.36,-11.06,,,,,,,,
92.18,-9.61,0.36,-11.06,,,,,,,,
92.19,-7.06,0.39,-7.04,,,,,,,,
92.29,-9.27,0.44,-10.06,,,,,,,,
92.39,-9.27,0.48,-11.57,,,,,,,,
92.49,-7.65,0.51,-9.56,,,,,,,,
92.5,-7.65,0.51,-9.56,,,,,,,,
92.59,-9.18,0.53,-9.05,,,,,,,,
92.69,-9.27,0.54,-7.54,,,,,,,,
92.79,-9.1,0.55,-8.05,,,,,,,,
92.82,-9.1,0.55,-8.05,,,,,,,,
92.89,-7.57,0.55,-9.05,,,,,,,,
92.96,-7.57,0.55,-9.05,,,,,,,,
92.96,-7.57,0.55,-9.05,,,,,,,,
92.96,-7.57,0.55,-9.05,,,,,,,,
92.96,-7.57,0.55,-9.05,,,,,,,,
92.96,-7.57,0.55,-9.05,,,,,,,,
92.99,-9.61,0.53,-9.05,,,,,,,,
93.09,-10.12,0.5,-11.57,,,,,,,,
93.14,-10.12,0.5,-11.57,,,,,,,,
93.19,-10.46,0.45,-13.08,,,,,,,,
93.29,-8.5,0.4,-12.07,,,,,,,,
93.39,-8.5,0.33,-12.07,,,,,,,,
93.46,-8.5,0.33,-12.07,,,,,,,,
93.49,-8.59,0.25,-11.06,,,,,,,,
93.59,-7.4,0.16,-11.06,,,,,,,,
93.69,-7.65,0.03,-11.57,,,,,,,,
93.78,-7.65,0.03,-11.57,,,,,,,,
93.79,-6.97,-0.1,-10.56,,,,,,,,
93.89,-7.14,-0.22,-16.09,,,,,,,,
93.94,-7.14,-0.22,-16.09,,,,,,,,
93.94,-7.14,-0.22,-16.09,,,,,,,,
93.94,-7.14,-0.22,-16.09,,,,,,,,
93.94,-7.14,-0.22,-16.09,,,,,,,,
93.94,-7.14,-0.22,-16.09,,,,,,,,
93.99,-7.14,-0.34,-16.09,,,,,,,,
94.09,-7.57,-0.45,-13.58,,,,,,,,
94.1,-7.57,-0.45,-13.58,,,,,,,,
94.19,-9.18,-0.55,-10.06,,,,,,,,
94.29,-7.31,-0.65,-9.56,,,,,,,,
94.39,-7.91,-0.72,-6.54,,,,,,,,
94.42,-7.91,-0.72,-6.54,,,,,,,,
94.49,-8.42,-0.76,2.51,,,,,,,,
94.59,-7.99,-0.78,-0.5,,,,,,,,
94.69,-10.37,-0.8,-9.05,,,,,,,,
94.74,-10.37,-0.8,-9.05,,,,,,,,
94.79,-9.44,-0.79,-10.06,,,,,,,,
94.89,-9.27,-0.75,-9.56,,,,,,,,
94.95,-9.27,-0.75,-9.56,,,,,,,,
94.95,-9.27,-0.75,-9.56,,,,,,,,
94.95,-9.27,-0.75,-9.56,,,,,,,,
94.95,-9.27,-0.75,-9.56,,,,,,,,
94.95,-9.27,-0.75,-9.56,,,,,,,,
94.99,-10.03,-0.72,-7.54,,,,,,,,
95.06,-10.03,-0.72,-7.54,,,,,,,,
95.09,-10.12,-0.67,-9.56,,,,,,,,
95.19,-11.05,-0.59,-11.06,,,,,,,,
95.29,-10.12,-0.49,-8.05,,,,,,,,
95.38,-10.12,-0.49,-8.05,,,,,,,,
95.39,-8.59,-0.38,-9.05,,,,,,,,
95.49,-8.5,-0.27,-9.05,,,,,,,,
95.59,-8.84,-0.15,-8.05,,,,,,,,
95.69,-10.46,-0.04,-10.56,,,,,,,,
95.7,-10.46,-0.04,-10.56,,,,,,,,
95.79,-10.54,0.06,-10.06,,,,,,,,
95.89,-9.44,0.15,-8.55,,,,,,,,
95.96,-9.44,0.15,-8.55,,,,,,,,
95.96,-9.44,0.15,-8.55,,,,,,,,
95.96,-9.44,0.15,-8.55,,,,,,,,
95.96,-9.44,0.15,-8.55,,,,,,,,
95.96,-9.44,0.15,-8.55,,,,,,,,
95.99,-10.2,0.24,-9.05,,,,,,,,
96.02,-10.2,0.24,-9.05,,,,,,,,
96.09,-9.95,0.31,-10.06,,,,,,,,
96.19,-10.03,0.35,-9.05,,,,,,,,
96.29,-10.46,0.39,-10.06,,,,,,,,
96.34,-10.46,0.39,-10.06,,,,,,,,
96.39,-6.8,0.4,-9.56,,,,,,,,
96.49,-8.08,0.4,-10.06,,,,,,,,
96.59,-8.33,0.38,-10.06,,,,,,,,
96.66,-8.33,0.38,-10.06,,,,,,,,
96.69,-9.52,0.34,-9.56,,,,,,,,
96.79,-10.29,0.3,-10.56,,,,,,,,
96.89,-9.61,0.26,-8.05,,,,,,,,
96.94,-9.61,0.26,-8.05,,,,,,,,
96.94,-9.61,0.26,-8.05,,,,,,,,
96.94,-9.61,0.26,-8.05,,,,,,,,
96.94,-9.61,0.26,-8.05,,,,,,,,
96.94,-9.61,0.26,-8.05,,,,,,,,
96.98,-9.61,0.26,-8.05,,,,,,,,
96.99,-10.37,0.21,-8.05,,,,,,,,
97.09,-10.37,0.17,-9.56,,,,,,,,
97.19,-7.4,0.12,-10.06,,,,,,,,
97.29,-8.76,0.08,-9.05,,,,,,,,
97.3,-8.76,0.08,-9.05,,,,,,,,
97.39,-7.99,0.05,-10.56,,,,,,,,
97.49,-7.99,0.03,-8.55,,,,,,,,
97.59,-8.67,0,-10.56,,,,,,,,
97.62,-8.67,0,-10.56,,,,,,,,
97.69,-7.82,-0.03,-10.56,,,,,,,,
97.79,-9.78,-0.06,-10.06,,,,,,,,
97.89,-8.33,-0.08,-11.06,,,,,,,,
97.94,-8.33,-0.08,-11.06,,,,,,,,
97.94,-8.33,-0.08,-11.06,,,,,,,,
97.94,-8.33,-0.08,-11.06,,,,,,,,
97.94,-8.33,-0.08,-11.06,,,,,,,,
97.94,-8.33,-0.08,-11.06,,,,,,,,
97.94,-8.33,-0.08,-11.06,,,,,,,,
97.99,-7.06,-0.09,-8.05,,,,,,,,
98.09,-9.61,-0.11,-7.54,,,,,,,,
98.19,-10.46,-0.12,-9.05,,,,,,,,
98.26,-10.46,-0.12,-9.05,,,,,,,,
98.29,-10.03,-0.14,-10.06,,,,,,,,
98.39,-11.05,-0.12,-8.05,,,,,,,,
98.49,-9.69,-0.12,-10.06,,,,,,,,
98.58,-9.69,-0.12,-10.06,,,,,,,,
98.59,-11.05,-0.13,-8.55,,,,,,,,
98.69,-9.18,-0.15,-9.05,,,,,,,,
98.79,-9.61,-0.18,-8.55,,,,,,,,
98.89,-7.74,-0.2,-9.05,,,,,,,,
98.9,-7.74,-0.2,-9.05,,,,,,,,
98.97,-7.74,-0.2,-9.05,,,,,,,,
98.97,-7.74,-0.2,-9.05,,,,,,,,
98.97,-7.74,-0.2,-9.05,,,,,,,,
98.97,-7.74,-0.2,-9.05,,,,,,,,
98.97,-7.74,-0.2,-9.05,,,,,,,,
98.99,-7.06,-0.22,-11.06,,,,,,,,
99.09,-7.91,-0.24,-9.05,,,,,,,,
99.19,-7.91,-0.25,-9.56,,,,,,,,
99.22,-7.91,-0.25,-9.56,,,,,,,,
99.29,-9.44,-0.27,-8.55,,,,,,,,
99.39,-8.93,-0.29,-9.56,,,,,,,,
99.49,-7.82,-0.3,-11.06,,,,,,,,
99.54,-7.82,-0.3,-11.06,,,,,,,,
99.59,-10.88,-0.32,-9.05,,,,,,,,
99.69,-8.84,-0.32,-10.06,,,,,,,,
99.79,-10.2,-0.33,-9.56,,,,,,,,
99.86,-10.2,-0.33,-9.56,,,,,,,,
99.89,-10.29,-0.32,-10.06,,,,,,,,
99.96,-10.29,-0.32,-10.06,,,,,,,,
99.96,-10.29,-0.32,-10.06,,,,,,,,
99.96,-10.29,-0.32,-10.06,,,,,,,,
99.96,-10.29,-0.32,-10.06,,,,,,,,
99.96,-10.29,-0.32,-10.06,,,,,,,,
99.99,-10.54,-0.29,-6.54,,,,,,,,
100.09,-9.95,-0.28,-9.05,,,,,,,,
100.18,-9.95,-0.28,-9.05,,,,,,,,
100.19,-10.46,-0.26,-9.05,,,,,,,,
100.29,-10.37,-0.23,-8.55,,,,,,,,
100.39,-8.16,-0.2,-12.07,,,,,,,,
100.49,-7.99,-0.17,-9.05,,,,,,,,
100.5,-7.99,-0.17,-9.05,,,,,,,,
100.59,-9.78,-0.14,-8.55,,,,,,,,
100.69,-10.29,-0.1,-9.05,,,,,,,,
100.79,-10.46,-0.07,-8.05,,,,,,,,
100.82,-10.46,-0.07,-8.05,,,,,,,,
100.89,-9.61,-0.07,-9.56,,,,,,,,
100.98,-9.61,-0.07,-9.56,,,,,,,,
,,,,,,,,,,,
,,,,,,,77.45,,,,171.13
,,,,,,,,,,,
,,,,,,,,1206.49,,,
